vin,make,model,year,color
WBAUC7C59AV421385,Chevrolet,Monte Carlo,2006,Puce
JM3KE2BE1D0635269,Mazda,Protege,1992,Teal
WBALL5C56EP950304,Kia,Forte,2010,Crimson
1HGCR2E59DA801384,Saab,9-5,2006,Purple
1LNHL9EK2FG332929,GMC,3500,1995,Fuscia
2C3CK3CVXAH846623,Mazda,Millenia,1999,Fuscia
19UUA96219A096645,Audi,Quattro,1992,Turquoise
2G61V5S87F9303557,Toyota,Supra,1994,Turquoise
JN1BJ0HR1EM434620,Toyota,Tacoma,2004,Khaki
WBAEV53483K530712,Mitsubishi,Montero,2005,Green
WDDEJ7KB3BA964010,Eagle,Vision,1994,Purple
WAUPFAFM2CA893216,Chrysler,300M,2000,Violet
1G6DJ8E32D0111447,Mitsubishi,Eclipse,1994,Mauv
WAUKFAFL7BN319364,Ford,Mustang,2006,Yellow
1FTEW1CM8DF645214,Mercedes-Benz,W201,1992,Violet
1GD422CG2EF633955,Toyota,Sienna,2000,Fuscia
1GYFC36229R272855,Pontiac,Firebird,1998,Pink
1GD322CG6EF424777,Chrysler,Town & Country,1996,Mauv
1G6DW677X50793565,Audi,S4,2008,Mauv
SCBGU3ZA4DC332157,Mazda,B-Series,2003,Khaki
5N1AR1NB0BC393439,Volvo,XC70,2010,Fuscia
KMHHT6KD0AU150662,Land Rover,Range Rover,1993,Maroon
YV4952BZ0E1889641,BMW,6 Series,2009,Turquoise
2HNYD28208H824428,Honda,CR-X,1984,Pink
JA4AP3AU3CZ415438,Suzuki,Grand Vitara,2001,Maroon
WBAPM5G56BN271794,Studebaker,Avanti,1963,Red
JTHBL5EF8E5151042,Jeep,Grand Cherokee,1996,Indigo
WBA3A5C54EF362445,Ford,Ranger,1985,Mauv
WBAPK73589A736780,Chrysler,300,2011,Teal
JTHBE1KS2B0925735,Ford,Thunderbird,1989,Maroon
1FT7W2A65EE327898,Mercedes-Benz,SLK-Class,2003,Yellow
1VWAH7A35DC541058,Volkswagen,Jetta,1992,Turquoise
WUARL48H36K229241,Audi,A8,2002,Green
1GD02ZCG9BZ311587,Audi,Cabriolet,1996,Red
5FPYK1F21AB699967,Chevrolet,Express 1500,1998,Orange
5N1AR2MM1EC997935,Lexus,IS F,2011,Purple
SCFEDCAD6AG065779,Lincoln,Navigator,2000,Pink
WBAVM5C50FV754930,Buick,LaCrosse,2005,Fuscia
3D73Y4HL1AG340109,Audi,A8,2000,Puce
4T3BA3BBXFU312370,Acura,RDX,2009,Maroon
WAU3FAFR6DA185577,Volvo,C70,2011,Red
3D73M3CL4BG402956,Volvo,940,1992,Goldenrod
JTJHY7AX4A4884130,Bentley,Arnage,2009,Teal
1GYUCAEF4AR076727,Oldsmobile,Alero,1999,Fuscia
WP0AB2A80CU261866,Saturn,VUE,2004,Pink
W04GP5EC9B1258230,BMW,7 Series,2012,Red
WAULV94E19N303746,Audi,A4,2006,Aquamarine
19UUA56722A507738,Hyundai,Scoupe,1994,Orange
WAUTFAFH3DN785196,Chevrolet,Corvette,1963,Puce
JM1NC2EF4A0598388,Hyundai,Accent,2002,Mauv
3FAHP0DC4BR209530,Buick,Regal,1997,Fuscia
3N1AB6APXCL311040,Lotus,Esprit,1995,Puce
1G6DG1E38E0779213,Oldsmobile,Silhouette,2002,Teal
YV4902BZ7C1926289,Mazda,Mazda6,2003,Puce
KMHTC6AD3CU626207,Volkswagen,Eos,2008,Yellow
2G4GT5GC9B9281495,Ford,E-Series,1963,Yellow
3C4PDCAB8FT925562,Oldsmobile,Silhouette,2000,Fuscia
WAULK78K49A032475,Land Rover,Discovery,2005,Turquoise
19UYA42661A497867,Volkswagen,Jetta,2006,Green
1N6AA0EC3EN209776,Volkswagen,riolet,1993,Pink
19UUA65604A013220,Nissan,Maxima,2006,Pink
1C4RDJAG4CC936350,Toyota,Sienna,2007,Violet
3N1AB6APXAL521134,Smart,Fortwo,2008,Green
2FMGK5B83EB146710,Jaguar,XK Series,2001,Green
WAUHFAFL9CN680431,Chevrolet,S10,2002,Mauv
5N1AN0NU2AC644385,Plymouth,Horizon,1978,Purple
YV4902NB0F1399392,Chevrolet,Prizm,1998,Pink
TRUWT28N811965008,Hyundai,Santa Fe,2012,Yellow
KL4CJHSB2FB339342,Jeep,Wrangler,2004,Green
SCFFDABE1AG984363,GMC,Rally Wagon 3500,1994,Purple
1FTEW1C84FF224936,Jeep,Compass,2011,Teal
WAUKG74F86N949591,GMC,Acadia,2007,Purple
5J8TB4H58FL740788,Plymouth,Sundance,1992,Goldenrod
2C4RDGDG3CR740695,Chevrolet,Express 2500,2011,Red
5NPDH4AE5FH676273,Mazda,Familia,1990,Blue
WA1YD64B63N866034,Jeep,Grand Cherokee,1993,Khaki
JH4CL969X5C438172,Jaguar,XJ Series,1994,Green
WBAEV53473K169828,Pontiac,Grand Prix,1987,Blue
WAULT58E02A576196,Chrysler,Town & Country,1996,Turquoise
JN1AZ4EH9DM088421,Isuzu,Hombre Space,1997,Teal
YV4960BZ4A1279284,Ford,F250,2012,Teal
1G6KF54952U354706,Pontiac,Vibe,2009,Pink
1G4HJ5EM2AU750126,Audi,100,1990,Mauv
JN1BY0AR5AM408618,Infiniti,Q,1994,Khaki
2FMPK3J99FB280072,Land Rover,Discovery,2011,Khaki
YV4612HM6F1014379,Volkswagen,Passat,1998,Red
WBAPH57529N127058,Volkswagen,Golf,1984,Violet
JN8AS1MU5CM966184,Nissan,Stanza,1992,Maroon
5UXFG43519L803186,Chevrolet,1500,1994,Indigo
WBA3B9G5XFN366716,Mercedes-Benz,M-Class,2009,Mauv
SAJWA6FC4E8885311,Buick,Riviera,1997,Purple
1FTNS2EW2AD770927,Mitsubishi,Lancer,2008,Red
1N4AA5AP2EC731602,Chevrolet,G-Series 2500,1997,Pink
WBAAN37421N945808,Mercedes-Benz,E-Class,1992,Purple
JTHBL1EF3A5205897,Mazda,CX-9,2009,Fuscia
KNADH5A31A6797449,Subaru,Forester,2003,Indigo
WAULFAFR5CA125790,GMC,Yukon XL 2500,2010,Violet
1FTMF1EW2AK853859,Chevrolet,Silverado 1500,2011,Crimson
2C3CDXDT8EH679862,Mercedes-Benz,E-Class,1990,Crimson
1C6RD6HT6CS419614,Cadillac,Brougham,1992,Purple
WVWBB7AJ8DW223098,GMC,2500,1999,Crimson
SCBLF34F06C036082,Pontiac,Firebird,1994,Maroon
1G6KD54YX2U189152,Pontiac,Grand Prix,1965,Crimson
WAUHF98P97A139942,Chevrolet,TrailBlazer,2006,Goldenrod
3C3CFFCR1ET028476,Pontiac,Firebird,1999,Orange
TRUTC28N031786306,Mitsubishi,Eclipse,1992,Fuscia
1G4HR57Y78U514400,Volvo,S70,1998,Red
5N1AA0ND1EN989395,Mazda,RX-7,1985,Indigo
5N1AR2MM1EC814131,Volvo,V70,1998,Green
1G6DA8E53D0878905,Toyota,Camry Hybrid,2007,Fuscia
WBAYB6C54DC036606,Ford,Taurus,1993,Teal
WVWAA7AJ5CW248778,Suzuki,SJ 410,1984,Violet
WAUCFAFR3EA383986,Ford,Expedition,1997,Puce
3D73Y4EL0AG325850,Citroën,CX,1974,Red
3VW4T7ATXEM752378,Mercedes-Benz,G-Class,2004,Blue
SCBFH7ZA3FC619841,Toyota,Avalon,2001,Purple
WAUAF78E05A978718,Volvo,S80,2007,Pink
1FTSW2B58AE735113,Toyota,Camry,1994,Goldenrod
WBA3B1C5XFP062930,Ford,Econoline E350,1997,Goldenrod
2D4RN5DG6BR021184,Chevrolet,Express 3500,1997,Puce
1GYS4AEFXDR547448,Mazda,B-Series Plus,2000,Orange
19XFB2E55EE403569,Cadillac,Escalade,2002,Maroon
1FTEW1CM9EK821275,Mazda,B-Series,1997,Green
WBAYE8C58FD136479,Volkswagen,Corrado,1990,Puce
5N1AR1NB7AC144280,Audi,R8,2008,Fuscia
1N6AF0LY4EN366216,GMC,Safari,1992,Red
KNADH4A34B6991887,BMW,Z8,2001,Khaki
ZFF60FCA7A0593893,Chevrolet,Impala,2007,Orange
SALFR2BG8EH766243,Toyota,RAV4,2002,Aquamarine
1FTMF1E85AK201481,Cadillac,Seville,1995,Violet
SCFKDCEP6EG194750,Volvo,C70,2003,Puce
WVGAV3AXXDW128120,Ford,Fiesta,2001,Fuscia
1G6AB5S38D0968794,Buick,Enclave,2012,Turquoise
2C3CDXDT8EH411104,Dodge,Ram,2007,Pink
YV4902DZ1E2007107,Oldsmobile,88,1992,Khaki
1FTSW2B59AE204681,Pontiac,G6,2008,Maroon
JN1AZ4EH0DM833752,Ford,Tempo,1991,Goldenrod
JN8AS5MT1AW221416,Toyota,RAV4,2008,Teal
1C4NJCBA1FD810085,Mazda,MX-6,1996,Puce
1GD311CG6FF961583,Toyota,TundraMax,2012,Yellow
4JGDF2EE0FA546506,Chevrolet,G-Series G30,1994,Yellow
5UXFA13555L505797,Nissan,300ZX,1991,Maroon
19XFA1E84AE038044,Volvo,V50,2008,Blue
1GD120EG2BF897497,Dodge,Durango,2011,Khaki
WAUDL94F55N388068,Ford,LTD,1984,Maroon
5XYKT3A17CG519733,Kia,Sedona,2005,Blue
JTHFE2C25B2295364,Audi,80,1992,Puce
1G6AS5SX0E0119621,Alfa Romeo,164,1994,Crimson
JTHBE1KS9B0602251,Chrysler,Town & Country,1992,Purple
JH4DC44611S304800,Kia,Sephia,1995,Purple
WBAFR9C52CD447841,Ford,F250,1993,Puce
WAUDF98E25A224647,Mitsubishi,Montero Sport,2002,Indigo
1GT01ZCG8EF184876,Chevrolet,Silverado 1500,2004,Khaki
SCBLE47K79C913902,Porsche,928,1988,Violet
3LNHL2GC4CR075760,Aston Martin,DBS,2012,Pink
SCFEFBBC4AG350779,Volkswagen,Passat,2002,Blue
1N4AA5AP1EC894628,Chevrolet,Silverado 3500,2010,Puce
3GYFNFE37CS165150,Lotus,Esprit,1986,Turquoise
2HNYD28648H405209,Dodge,Caravan,2001,Indigo
WP0CB2A83CS375509,Lexus,ES,2007,Violet
WAUEH94F26N245649,Dodge,D150 Club,1992,Goldenrod
1G4GA5ER7CF751688,Nissan,Xterra,2011,Teal
5GAKRAED6CJ604846,Volvo,S40,2002,Teal
3VW517ATXEM264753,Lexus,GS,1995,Crimson
SCBLC47JX8C579683,Honda,Prelude,1995,Khaki
1FTKR1AD0AP409059,Audi,TT,2012,Purple
2C4RDGDG3CR322606,Porsche,928,1987,Red
WA1VMAFE7CD494285,Mercedes-Benz,Sprinter,2010,Maroon
1HGCR6F56EA833698,Toyota,Corolla,2006,Aquamarine
3D7TT2CT4BG234734,Honda,Accord,1991,Aquamarine
3GYFNAE37DS876058,Plymouth,Laser,1989,Teal
1G4HE57Y36U277686,Ford,F-Series,1993,Teal
WVGAV7AX2BW835295,Mitsubishi,Challenger,1999,Fuscia
WBAVM5C52DV810749,Subaru,Impreza,2012,Khaki
SAJWA0HP3EM923258,Lotus,Esprit,1998,Turquoise
WBAPK5C59BF239010,Suzuki,Swift,1998,Crimson
1G6AC1R32F0348666,Lincoln,Blackwood,2003,Puce
SALFR2BN8AH062908,Saab,9-5,1999,Aquamarine
JTHFF2C23E2549350,Mercury,Sable,2008,Mauv
JN1AZ4EH6FM010603,Isuzu,Trooper,1998,Red
1D7CW2BK7AS521783,Lexus,GS,1998,Purple
1D7RV1CP5AS843470,Mercury,Lynx,1985,Green
3GYFNGE34FS924301,Infiniti,QX,2007,Violet
5UXFA935X6L458055,Pontiac,LeMans,1965,Teal
WBSBL93462J617556,Plymouth,Breeze,1999,Purple
3C6JD6EP9CG807819,Toyota,Corolla,2007,Green
2HNYD28738H797771,Mercedes-Benz,C-Class,2007,Blue
WBANU53598B851872,Ford,Tempo,1985,Orange
WAUAF78E38A821740,Pontiac,Grand Am,1987,Orange
1C4AJWAG7CL856107,Acura,ZDX,2011,Fuscia
1GD01ZCG3BF191533,Ford,Taurus,2004,Purple
1G6DW677060587396,GMC,Yukon,2006,Green
3VW517AT0FM218236,Pontiac,Vibe,2008,Teal
SAJWA4GB4EL504418,BMW,Z3,1996,Maroon
2T1BURHE0FC201459,Isuzu,Rodeo,2003,Crimson
JN8AF5MRXCT009353,Cadillac,Seville,1993,Khaki
5NPDH4AE2BH157191,Acura,RL,2011,Indigo
WAUA2AFD1DN748194,Chrysler,Crossfire,2004,Goldenrod
3C3CFFFH2ET506486,Lexus,ES,1999,Orange
1YVHZ8BHXA5482825,Mazda,MX-5,2009,Indigo
1N6BF0KX9FN900003,Ford,Tempo,1993,Maroon
SAJWA0EX7E8610274,Ford,Ranger,1986,Crimson
1G6DS57V680261805,Subaru,Brat,1987,Puce
KNALN4D79E5686608,Ford,F-Series Super Duty,2009,Aquamarine
WBA5M6C5XED442494,Chevrolet,Caprice Classic,1993,Khaki
WAUGFBFC9EN903720,Jaguar,X-Type,2002,Fuscia
JH4DC43631S153539,Dodge,Ram Van B150,1993,Pink
WAUEH98E46A781835,Dodge,Ram Van 1500,2002,Violet
3C63DRBL7CG233815,Pontiac,Grand Prix,2004,Blue
SAJWA1C7XD8811335,Oldsmobile,88,1998,Mauv
2C3CDYBT0CH917841,GMC,Savana 2500,2001,Mauv
JN1BJ0HP1DM093460,Lincoln,Town Car,2005,Green
WA1LGBFE5ED752293,Hyundai,Santa Fe,2005,Red
WAUAFAFL8AN939330,Ford,Thunderbird,1994,Violet
WAUAFAFLXCN394380,Ford,Mustang,1969,Mauv
WAULD54B64N133846,Land Rover,Range Rover,1995,Teal
SCFBB04BX8G267603,Kia,Spectra,2003,Goldenrod
3N1AB6AP6AL752788,Suzuki,Sidekick,1994,Crimson
JTHBE1BL8F1647318,GMC,Sierra 3500,2000,Purple
WBAKG7C56CE824139,Toyota,Celica,1992,Yellow
WBXPC93567W930822,GMC,Sonoma Club Coupe,1993,Orange
5GAKVDED1CJ596636,Acura,MDX,2001,Turquoise
1GYFK46818R373753,Mercedes-Benz,400E,1992,Maroon
2G4WC552561460627,Chrysler,Sebring,2010,Maroon
5N1AA0NC3FN273297,Pontiac,Bonneville,2002,Aquamarine
WBALL5C58CE596567,Pontiac,GTO,1972,Aquamarine
JN1CV6FE4DM052267,Ford,F-Series,1985,Indigo
1FAHP3FN1AW738431,Chevrolet,Corvette,1989,Yellow
JH4KA96551C151895,Volvo,V90,1997,Khaki
4A4AP3AU5FE421204,Chevrolet,LUV,1979,Red
WBA3B3C59EF326624,Subaru,Impreza,2004,Puce
3C4PDCDG7FT709774,Mercedes-Benz,CLK-Class,2001,Violet
JTEBU5JRXF5122119,Chevrolet,Tracker,1999,Fuscia
4USBU335X8L419533,Mitsubishi,Challenger,1997,Indigo
5J6TF3H30CL645739,Nissan,Quest,1996,Indigo
1D7RB1CT0BS705794,Ford,F250,1994,Purple
WBAVC735X8A786714,Suzuki,SJ,1988,Turquoise
1N6AF0LY9FN067046,Hyundai,XG350,2005,Blue
1G6DS5E30D0952257,Nissan,350Z,2004,Aquamarine
1G4GE5G32EF708439,Volkswagen,Passat,2005,Mauv
5FRYD4H22GB723167,Lincoln,Mark VII,1984,Pink
KMHGH4JH7CU079176,Isuzu,Oasis,1998,Maroon
1N6AD0CU5AC080352,Hummer,H1,2001,Mauv
1G6DP1E36C0066033,Audi,TT,2012,Turquoise
WAUHE78P19A135894,Toyota,Sequoia,2007,Teal
19UUA8F25BA967210,Dodge,Grand Caravan,1995,Teal
WAULT64B72N177425,Nissan,Sentra,2005,Mauv
YV126MFB4F2534648,Chevrolet,Impala,1994,Green
1G6DG8E30E0341181,Pontiac,Firebird,2001,Indigo
1G6DL8ED8B0965410,Mercury,Capri,1994,Red
3GYT4LEF8DG036482,Buick,Electra,1988,Turquoise
WAUGVAFR5AA045424,Lincoln,MKX,2012,Violet
4USDU53577L214920,Subaru,XT,1987,Khaki
WBAWV13557P001233,Mercedes-Benz,M-Class,2008,Orange
WAULD64B24N858480,Honda,Pilot,2008,Turquoise
WAUHF98P89A407902,Saturn,Astra,2008,Yellow
KL4CJGSB7EB471845,Chevrolet,Suburban 1500,1998,Mauv
WBAYB6C52ED906851,Honda,CR-V,1998,Orange
SCBCP73W38C910692,Infiniti,EX,2011,Blue
1G6DG5EY3B0343268,Volvo,S80,2004,Yellow
1HGCP2F36CA210527,Volkswagen,Passat,2009,Violet
JTDKN3DU4A0291404,GMC,Sierra 2500,2003,Green
WAUMR94E68N086900,Toyota,Tacoma,2012,Yellow
1G6DL8E34D0322269,Volvo,850,1997,Crimson
1G4HP54K54U873499,Audi,A8,2010,Khaki
JH4DC54824S787483,Chevrolet,Monte Carlo,1997,Puce
1FTMF1CW0AF104246,Porsche,Cayman,2008,Khaki
KMHGH4JH8FU183227,Mitsubishi,Montero Sport,2003,Goldenrod
WBASN2C57DC284029,Dodge,Ram Van 3500,1996,Purple
1GYS3AEF0CR416899,Lincoln,Navigator,2009,Goldenrod
1FMJK1H50DE480255,Eagle,Summit,1992,Blue
SCFFDAAM4DG224442,Kia,Spectra,2002,Mauv
SAJWA1CB1BL337192,Bentley,Continental Flying Spur,2008,Orange
1FMCU5K30AK643145,Mitsubishi,Galant,1997,Orange
KM8JT3AB8CU782201,Ford,Probe,1990,Indigo
WAUCFAFH0CN763350,Chevrolet,Monte Carlo,2006,Crimson
5N1AR1NB6AC587780,Ford,Ranger,2002,Mauv
WBA5M0C57ED732365,Land Rover,Range Rover,1987,Blue
WVGEF9BP9ED644627,Ford,Econoline E350,1996,Aquamarine
WBA3T3C54FP761396,GMC,Yukon,2006,Crimson
WBAVB33506P509916,Dodge,Caravan,1999,Puce
1GYS3JEF1DR340644,BMW,M6,2009,Teal
3D7TP2CT9BG470543,GMC,Yukon XL 2500,2002,Aquamarine
WA1WYBFE7AD929219,Aston Martin,DB9,2007,Red
JTDKN3DU2F0416049,Acura,TL,2005,Khaki
JHMFA3F2XBS334771,Ford,Five Hundred,2005,Yellow
SALGS2EF3EA647875,Dodge,Ram Van 1500,1996,Green
WBAVM5C57DV073001,Oldsmobile,LSS,1997,Purple
JTHKD5BH0F2979026,Hyundai,Accent,2006,Yellow
WAUPEAFM4DA963691,Jeep,Grand Cherokee,1996,Puce
WAUEH78E56A692506,Mercedes-Benz,CLS-Class,2010,Maroon
WA1EV94L57D901801,Buick,Riviera,1986,Green
3LN6L2LUXFR842943,Suzuki,Grand Vitara,2006,Aquamarine
1FTWF3B55AE661995,Nissan,Altima,2013,Goldenrod
WAUXG74F49N191615,Hyundai,Azera,2006,Turquoise
2T3BFREV2DW980574,BMW,M,2002,Mauv
1G4CW54K534007300,Toyota,Celica,2001,Khaki
WAUSFBFL6AA456453,Chevrolet,Metro,2000,Crimson
KNAGM4A74B5797233,Buick,Regal,1997,Aquamarine
WA1WYBFE6AD535002,Chevrolet,Monte Carlo,1997,Orange
1FMCU0C78AK458460,Mercedes-Benz,CL-Class,2009,Goldenrod
WBAKC8C56AC331149,Porsche,Boxster,2002,Violet
YV1672MC8CJ675786,Cadillac,Escalade,2009,Goldenrod
2CTALMEC5B6068878,BMW,745,2003,Puce
4A31K5DF9BE694300,Nissan,Pathfinder,2012,Purple
YV1982BW7A1912708,Dodge,Viper,1999,Orange
3D7TP2CT2BG391683,Nissan,Maxima,2010,Orange
JHMZE2H3XCS223429,Chevrolet,Camaro,1993,Mauv
JM1CW2BL2C0020429,Dodge,Dakota,1997,Goldenrod
WBAYE0C56DD147558,Hyundai,Accent,2003,Purple
5UXZV4C50BL824376,Ford,F250,2009,Yellow
JH4CU2E64BC982304,Cadillac,Seville,1997,Goldenrod
KMHTC6AD6FU023420,Suzuki,Sidekick,1993,Maroon
1D7CW7GP7AS780601,Chrysler,LeBaron,1992,Crimson
1G4GA5ERXDF704978,Audi,A6,1999,Puce
JN1CV6AP7BM503018,Lamborghini,Gallardo,2011,Purple
JTHFE2C22E2777021,Chevrolet,APV,1993,Green
4F2CY0C76AK448974,Honda,Pilot,2011,Red
KMHEC4A46BA719042,Kia,Sedona,2011,Indigo
WAU3FAFR5CA199999,Suzuki,SX4,2010,Indigo
1GYEK63N32R323378,Ford,Freestar,2005,Teal
WAUAF78E68A667038,Plymouth,Neon,1999,Green
WP1AB2A22FL809478,Chevrolet,Sportvan G30,1995,Khaki
WAUEG78E56A110052,Mitsubishi,Montero,2004,Red
5NPEB4AC8DH348220,Mitsubishi,Lancer,2009,Crimson
4T1BK3DB5AU466741,Volvo,C70,2003,Yellow
JH4DC53813S952293,Volvo,S40,2002,Green
1VWAH7A37EC124686,Nissan,Sentra,2003,Purple
WA1DGBFE0ED107586,Buick,LeSabre,1997,Fuscia
WAUVT68E33A959274,Chevrolet,Corvette,1970,Goldenrod
SCFAB01E59G180493,Scion,xB,2006,Teal
WBAEB5C58AC936563,Dodge,Ram Van 3500,1997,Violet
2T1BU4EE9CC433772,Isuzu,Rodeo Sport,2003,Mauv
JH4DC23911S221514,Toyota,Corolla,2004,Aquamarine
1N6AD0CWXEN517337,Mercury,Tracer,1989,Turquoise
YV126MFD1F1064652,Nissan,Titan,2011,Yellow
SAJWJ1CD0F8887395,GMC,Yukon Denali,2006,Violet
1C4RDJEG2DC896443,Chevrolet,Corvette,1956,Mauv
1C6RD6HT1CS223080,Jeep,Patriot,2011,Puce
WBAKP9C56FD589327,Volvo,S60,2008,Puce
WAUVC68E42A872594,Ford,Explorer,1992,Orange
1N6AA0CJ0FN113378,Ford,E150,2010,Maroon
1GT010CGXCF600032,Hummer,H1,2001,Teal
5J8TB4H37EL912404,Chevrolet,Blazer,2003,Indigo
5FRYD4H95GB822482,Toyota,FJ Cruiser,2011,Teal
WAUKF68E85A096078,Suzuki,Reno,2005,Indigo
5N1AA0NC3DN632256,Mercury,Lynx,1985,Pink
1GYFK43559R212673,BMW,530,2004,Pink
WDDHF0EB3EA044772,Toyota,T100 Xtra,1996,Purple
WBA5B3C57FD290177,Lamborghini,Gallardo,2009,Yellow
1G6DK8E32C0556444,Pontiac,Tempest,1966,Green
JTHBK1GG2F2163661,Honda,S2000,2007,Purple
1G6KE57Y35U187479,Isuzu,VehiCROSS,2001,Fuscia
3C63D2JL1CG378986,Cadillac,XLR-V,2008,Red
1HGCR2F39EA698448,Mercedes-Benz,SLK55 AMG,2009,Violet
5GADV23L76D634834,Hyundai,Tucson,2010,Goldenrod
1GD01ZCG8EF077208,Jaguar,X-Type,2004,Purple
WAU32AFD3FN803031,BMW,8 Series,1997,Yellow
WAULC58E95A841931,Ford,Explorer,1998,Khaki
WAUFFBFL6BA073972,Mitsubishi,Chariot,1985,Teal
1GTN1TEX6CZ041257,Toyota,Prius,2005,Pink
1G6AE5SX5E0809114,Volkswagen,Scirocco,1987,Teal
WBALX3C56CD797110,Mazda,B-Series,2005,Turquoise
WBA1J7C52EV337598,Dodge,Ram 1500,2006,Indigo
19XFB4F27DE209690,Toyota,Tundra,2009,Yellow
WBANV9C51AC921742,Buick,LaCrosse,2005,Teal
W04GS5EC8B1387509,Nissan,Pathfinder,2011,Pink
WA1WKAFP6BA552950,Ford,Bronco,1985,Teal
TRUXD38J591984812,Buick,Riviera,1997,Goldenrod
5UMCL93482L860801,Honda,Insight,2002,Mauv
WBAKF5C57DE014446,Mitsubishi,Chariot,1989,Goldenrod
WDDJK7DA0DF987959,Infiniti,M,2010,Purple
WVGAV7AX1CW702044,Toyota,4Runner,1994,Goldenrod
1GYS4CEF4DR078370,Mazda,Miata MX-5,1994,Pink
JTHBE5C22C5005677,Acura,TL,2002,Green
SALAB2V67FA715330,Dodge,Dakota,1994,Red
SALGR2VF7FA266589,Mazda,Protege,2002,Yellow
KNADM5A35D6908200,Acura,RSX,2002,Orange
1FTSS3EL6AD066924,Mazda,Millenia,1996,Fuscia
WBA3C1C56FP271532,Kia,Sorento,2011,Yellow
WBADT53441C116044,Ford,E-Series,1995,Blue
SALVN2BG1FH830616,Volkswagen,Corrado,1992,Red
3GYFNKE49AS216050,Toyota,Corolla,1994,Blue
2C4RDGBG6FR326379,Dodge,Durango,2002,Red
1C6RD7HT2CS320892,Suzuki,Swift,1997,Violet
WAUMGAFL8EA928819,Mercedes-Benz,E-Class,2003,Blue
WA1VMBFE5ED366250,Smart,Fortwo,2010,Blue
1NXBE4EE6AZ221100,Infiniti,G,2003,Pink
1FTNF1E83AK647200,Pontiac,G8,2008,Purple
WAUDF98E55A427791,Infiniti,M,2009,Khaki
WAULC68E32A328322,Maserati,Spyder,1991,Violet
SCFAB02A76G411434,Ford,Mustang,1980,Puce
JN1AZ4EH7AM113330,Buick,Riviera,1989,Orange
5UXFB53534L364862,Suzuki,Sidekick,1995,Blue
WAUDG78E36A957535,Ford,Explorer,1998,Blue
1FTNS2EW9AD315069,Jaguar,XJ Series,1993,Crimson
1G4CW54K924036393,Honda,Pilot,2002,Blue
WBADX7C51DE234540,Pontiac,LeMans,1989,Aquamarine
WAULF98K89N529683,Saturn,Ion,2005,Blue
KNADH4A37A6421378,Ford,Econoline E350,2002,Indigo
5UXFG8C5XBL962303,Suzuki,Sidekick,1993,Indigo
1YVHZ8BH6A5963994,Dodge,Ram 3500,2004,Pink
KM8JT3AB5DU832554,Volkswagen,Cabriolet,1995,Green
WBAPM73549A177366,Honda,Prelude,2000,Yellow
2G4GN5EC3B9733728,Buick,Rainier,2006,Yellow
WBAHL035X6D144915,Lexus,LS,2003,Puce
JTEBC3EH2C2840611,Hyundai,Tucson,2008,Teal
1FTEX1CW9AF745378,Audi,90,1994,Orange
WBALW7C51CC274304,Chevrolet,Caprice,1992,Goldenrod
1GD12ZCG3CF960115,Nissan,Pathfinder,1994,Purple
1ZVBP8AM4C5064096,Land Rover,Discovery,1999,Aquamarine
WA1WYBFE4AD675128,Dodge,Caravan,1992,Violet
YV4952CT3C1557085,Mazda,626,1985,Fuscia
WBAGH03481D709711,Chevrolet,Venture,1998,Yellow
1J4RG4GK6AC218844,Dodge,Ram Van 3500,1997,Khaki
1GD02ZCG0DF832895,Hyundai,Tucson,2008,Purple
WBAKA83559C812138,Ford,F-Series,1997,Mauv
1N4AA5APXEC189746,Mercedes-Benz,S-Class,2012,Goldenrod
1G6DX67D560730930,Hummer,H2 SUT,2006,Fuscia
KNAFK4A65E5796721,Infiniti,G35,2006,Indigo
WBA3A9G54CN572368,Dodge,Viper,2002,Mauv
3VW4T7AT0EM453658,Cadillac,Eldorado,1996,Goldenrod
1D7RB1CT4BS237942,Ford,EXP,1987,Fuscia
1G6KS54Y11U957413,Ford,Explorer,1999,Aquamarine
WBAKP9C51ED676485,Nissan,Quest,2008,Fuscia
JN8AZ2KR9CT840612,Kia,Spectra5,2006,Crimson
3C6JD6EPXCG405565,Chevrolet,Caprice,1996,Violet
WAUHFBFL3CN962909,Audi,Quattro,1994,Yellow
WA1WMAFEXDD706067,Dodge,Ram 2500,2006,Crimson
JH4DC53036S479964,BMW,7 Series,1993,Orange
1FTMF1E80AF507612,Dodge,Viper,2008,Teal
2C3CCAGG2DH088536,Ford,F350,1993,Red
2G4WD552171611591,Porsche,911,2001,Violet
2C3CDXBG9EH848289,Jaguar,XJ Series,2002,Crimson
JM1NC2NF9E0195674,Toyota,Solara,2006,Fuscia
WDDEJ7EB7DA795138,Mazda,626,1983,Aquamarine
3FAHP0CG6AR100103,Mercedes-Benz,E-Class,1989,Blue
WAUBT48H15K295717,Dodge,Ram 3500,1998,Teal
WAUDF78E85A917906,Audi,A6,1997,Indigo
5TFAW5F19FX591896,Porsche,928,1985,Maroon
2T1BU4EE0BC748894,Ford,Escape,2013,Khaki
1FTNF2B54AE166631,Hyundai,Tiburon,2003,Fuscia
JA32X8HW9CU550448,Honda,Civic,2003,Khaki
5UMDU93587L618589,Acura,Integra,1988,Goldenrod
SAJWA1CZ9E8515693,Ford,Taurus,1999,Purple
JN8AS5MTXBW054815,Hyundai,XG350,2004,Purple
WBS3R9C58FK982512,Honda,Civic,1990,Yellow
WAUFFAFM7AA462511,Buick,LeSabre,1990,Aquamarine
1LNHL9DK1DG119002,Mercedes-Benz,C-Class,1994,Pink
3VWKX7AJ5AM111742,Toyota,Echo,2000,Purple
1G6DG5E59C0417168,Ford,Mustang,1989,Crimson
JM1CW2BL4E0065472,Mitsubishi,Cordia,1986,Pink
WBAGN63515D483859,BMW,3 Series,2008,Aquamarine
JH4NA21664S861600,Suzuki,Daewoo Magnus,2006,Mauv
WBAVC53527F490544,Chevrolet,S10,1993,Purple
SAJWA1CZXE8627435,Mercury,Cougar,2000,Fuscia
WBAPK53539A610637,Subaru,Forester,2000,Maroon
SALCP2BG2FH266928,Volkswagen,Golf,1976,Goldenrod
19UYA41683A589261,Nissan,Murano,2006,Blue
WBAHL83596D738071,Audi,A4,2008,Indigo
19UUA8F52EA067668,Acura,CL,2002,Goldenrod
5J6TF1H39EL583488,Mazda,Mazda3,2004,Purple
WA1AV94L19D448620,Dodge,Ram 3500,2007,Red
1FMCU4K33BK726693,Porsche,Cayman,2009,Purple
SCFHDDAJ1CA558817,Mercury,Tracer,1992,Puce
5NPET4AC8AH101689,Mazda,Miata MX-5,2010,Violet
JN1CV6FEXFM107744,Aston Martin,Rapide,2012,Orange
1N6AA0ECXEN517088,Panoz,Esperante,2005,Green
1D7RE3GK5BS014927,Subaru,Legacy,2007,Blue
1FTEX1E89AK117407,Mitsubishi,Montero,2002,Crimson
1FTEX1C8XAK054742,Ford,Transit Connect,2011,Goldenrod
WAUKFBFLXBN133372,GMC,Sonoma,2001,Orange
3GYFNEE37ES466515,Cadillac,STS,2011,Purple
WAU2MAFC6EN045374,Honda,Element,2003,Turquoise
1FTWX3D58AE733332,Lincoln,Continental,1993,Fuscia
1N6BF0KL3FN918087,Cadillac,DeVille,2002,Puce
1G6KD57Y04U482170,Jeep,Grand Cherokee,2010,Puce
WAUSH98EX6A812573,Nissan,Titan,2007,Maroon
1GYS3BEF6DR824704,Ford,Expedition EL,2008,Puce
3VW8S7AT8FM390489,Subaru,Legacy,1997,Blue
2G4GN5EK3C9399015,Mitsubishi,L300,1988,Khaki
5GAKVBKD1EJ912192,Mercury,Topaz,1990,Blue
3VWJX7AJ4AM740517,BMW,3 Series,1993,Orange
KMHFC4DF3BA306335,Porsche,928,1994,Green
JTEBU5JR9F5267698,Ford,Escape,2011,Maroon
WAUBFAFL8EN455071,Lexus,IS-F,2011,Orange
1N4AA5AP6EC059110,Mitsubishi,L300,1987,Blue
1C4NJCBA3ED748462,Audi,A8,2000,Indigo
2HNYD2H24DH367181,Mazda,626,1991,Yellow
WAUGGBFCXDN931246,Mercury,Cougar,1969,Crimson
5N1BA0NE3FN964187,Mercedes-Benz,300TE,1993,Crimson
WAUMR44E06N935354,Dodge,Dakota Club,2000,Green
1FTEW1E84AF082979,Ferrari,F430 Spider,2006,Crimson
1D7RE3GK5AS402318,GMC,Sonoma Club Coupe,1998,Goldenrod
1C4AJWAG3FL853905,Dodge,Challenger,2011,Fuscia
KNDJT2A52C7671389,GMC,Safari,2000,Puce
3C3CFFJH6ET901987,Ford,Five Hundred,2005,Pink
WBA3B1C5XEP519279,Chevrolet,Venture,2002,Khaki
WBAWC7C55AE711714,Pontiac,Parisienne,1986,Crimson
WA1MYBFE5AD235328,GMC,Savana 2500,2001,Violet
5J6TF2H58EL069574,Mazda,Millenia,2001,Green
3VW117AU6FM701723,Volkswagen,Beetle,1965,Yellow
WBAUL7C54CV061140,Pontiac,Daewoo Kalos,2005,Violet
2G61L5S3XE9880012,Lexus,ES,2005,Red
KM8JT3AC7AU322761,Mazda,Miata MX-5,2005,Green
4A31K3DT5BE390441,Chevrolet,Avalanche 2500,2005,Green
JM3TB2BA3E0605895,Chevrolet,Monte Carlo,2005,Green
SCFEDCADXCG176757,Volkswagen,Jetta,1990,Mauv
5TDDK3DC4FS598407,Volkswagen,Passat,1993,Orange
KNALN4D71E5903892,Ford,Expedition,1998,Orange
1N6AA0CH1EN230382,Volkswagen,Cabriolet,1996,Goldenrod
1LNHL9DR7CG866096,Mazda,MPV,2000,Violet
1FTWW3A5XAE223569,Lexus,CT,2011,Pink
1FTSX2A5XAE983135,Ford,F250,1998,Purple
KNAFU5A24B5754520,Mitsubishi,Galant,2001,Crimson
3D4PH5FV2AT256252,Honda,Civic GX,2003,Orange
WAUEG74F46N381630,Buick,Skyhawk,1988,Indigo
SCFPDCGP9EG765764,Ford,Focus,2001,Blue
1FMEU5DE5AU998419,Mercedes-Benz,R-Class,2006,Aquamarine
WAUEF78E58A908508,Dodge,Caravan,1999,Violet
WVGEF9BP8DD347069,Maserati,Quattroporte,1984,Yellow
WVGFG9BP8CD353373,Mitsubishi,GTO,1998,Puce
KMHGH4JH1FU685674,GMC,3500,1997,Aquamarine
WBAYF8C51ED114285,Mazda,Mazdaspeed6,2006,Pink
WAUKH68D71A809533,Mitsubishi,3000GT,1995,Green
WA1C8BFP2DA792765,Nissan,Altima,1998,Yellow
JH4CL95864C642541,Audi,A3,2008,Purple
WVGAV7AX0FW908802,Mazda,323,1992,Maroon
WA1WGAFP5DA813988,Toyota,RAV4,2004,Indigo
1G6KS54Y93U865971,GMC,Yukon XL 2500,2006,Violet
JM3TB2CA9D0764269,Toyota,MR2,1995,Blue
WVGAV7AX5CW583351,Chrysler,Town & Country,2005,Goldenrod
WAURVAFA4AN067782,Chevrolet,Corvette,2000,Teal
KL4CJFSBXDB332009,BMW,X5,2009,Maroon
4A37L2EF4AE477708,Toyota,TundraMax,2008,Violet
WAUUL68E25A494971,GMC,Savana 2500,2009,Fuscia
KNADH4A35A6900219,Chevrolet,Suburban 1500,1999,Pink
WBA1F7C54FV291873,Nissan,Quest,1999,Maroon
1N6AA0CA4FN430399,BMW,M3,2001,Purple
1GD01ZCGXEF426403,Ford,Fiesta,2013,Purple
JN8AZ1FY8BW176585,Porsche,Boxster,2001,Yellow
WAUFFAFMXAA216889,Chevrolet,Cruze,2011,Goldenrod
WBAVC73577A568731,Hyundai,Sonata,2008,Blue
1GYS3JEF7ER296666,Cadillac,SRX,2010,Pink
5FPYK1F21EB360955,GMC,Yukon XL 2500,2006,Crimson
5N1AR2MM4DC940501,Dodge,Ram Van 3500,2000,Teal
WBAVC73547A891442,Lotus,Esprit,1990,Indigo
WAUCFAFR4AA954279,Volkswagen,Jetta,1986,Khaki
JN1BJ0HR0EM613635,Plymouth,Breeze,1998,Goldenrod
KM8JT3AB1CU669951,Buick,Roadmaster,1996,Indigo
1GYS3BEF8CR568497,Ford,Tempo,1988,Goldenrod
5N1AA0NC0DN699090,Audi,100,1989,Orange
1G6DL5E36D0805289,Dodge,Viper,2002,Turquoise
JN1AZ4FH0FM763414,Acura,TSX,2006,Goldenrod
1FTMF1EW3AK503673,Hyundai,Sonata,2002,Goldenrod
2C3CCAJG6DH133356,Buick,Terraza,2006,Maroon
3FADP4AJ1CM292437,GMC,Canyon,2009,Orange
KMHEC4A47BA318681,Pontiac,Firefly,1989,Orange
JA32U1FU0AU148025,MINI,Cooper Clubman,2012,Crimson
1G6DM5E36C0293819,Dodge,Spirit,1995,Mauv
1C3CDZAB1CN312846,Toyota,MR2,1992,Aquamarine
JM1NC2JF7B0140948,Tesla,Roadster,2010,Teal
1G4PP5SK7C4926152,Acura,RL,2001,Goldenrod
1GYEK63N72R002301,Dodge,Ram 2500,1995,Crimson
2G4WE587061759279,Audi,A8,2007,Puce
WBAKN9C55FD184906,Ford,Explorer Sport Trac,2005,Indigo
WBABD33476P352034,Chevrolet,Monte Carlo,2000,Mauv
WBAGL63484D671452,Ford,E-Series,2003,Mauv
WBAPM73539A017270,Mazda,626,1990,Violet
19XFB2F51DE920252,Land Rover,Range Rover,1990,Blue
WAUMR94E98N556143,GMC,Envoy XL,2003,Red
5GAKRAED2BJ463790,Mazda,626,1994,Orange
1J4RR4GG4BC627741,Chrysler,200,2012,Yellow
WAULC68E52A365680,Subaru,Legacy,1989,Aquamarine
1FTEW1CW4AF958984,Jaguar,S-Type,2000,Violet
3VW4T7AT1EM790419,Toyota,Corolla,1993,Goldenrod
2C3CA5CV2AH445954,Chevrolet,Malibu,2002,Yellow
KNAFZ6A35F5049974,Ford,Econoline E350,1994,Yellow
2HNYD18441H433610,Ford,Ranger,1990,Maroon
5GADT13S862353340,Subaru,SVX,1995,Aquamarine
WP1AA2AP8AL745857,Lamborghini,Murciélago,2004,Mauv
1G6DH577390704395,GMC,Savana 3500,2002,Puce
JTHBE1KS4B0302245,Suzuki,SJ,1994,Goldenrod
JTDKTUD31DD614632,Hyundai,Sonata,1996,Pink
WAUDF78E95A305925,Dodge,Stratus,1998,Puce
WAUHF98P06A875604,GMC,Sierra 3500,2009,Blue
19VDE1F37DE091056,Lexus,ES,1995,Red
5N1AT2MK3EC688631,Bentley,Arnage,2008,Purple
WBALX3C57CC593356,Volkswagen,Jetta,2005,Teal
JHMFA3F24BS599542,Lexus,SC,2008,Goldenrod
WBA3B3C53EF551055,Ford,Taurus,2010,Crimson
WVWEU9AN1AE267256,Ford,Contour,2000,Maroon
1N6AD0CU7AC531894,GMC,Savana 2500,1996,Mauv
1G6AB5SX8D0463518,Ford,Econoline E150,1993,Aquamarine
WBA3D5C51EK898610,Mitsubishi,Mirage,1991,Green
SCFKDCEP1EG678776,Volvo,S40,2010,Crimson
JTDZN3EU2FJ016046,Chevrolet,Avalanche 1500,2003,Turquoise
WAUVC58E73A686561,GMC,Yukon,2003,Puce
1GYS4JEF8DR075802,Chevrolet,Metro,1999,Yellow
YV4952BZ5E1950627,GMC,Vandura 1500,1994,Indigo
TRUTX28NX11767327,Mitsubishi,Galant,2002,Indigo
YV440MDB6F2866266,Volkswagen,GTI,2012,Green
WAUGL98E06A460978,Saab,9000,1991,Orange
2C3CCAXJ6DH919239,Subaru,Outback,2009,Aquamarine
5UXFG2C57DL812214,Isuzu,Oasis,1999,Pink
1GTN1TEX7CZ883931,Ford,Focus,2004,Yellow
1G4CU541354542125,Plymouth,Breeze,1996,Indigo
WBSBR93462E779100,Aston Martin,Vantage,2007,Orange
WDCGG5GB3CF544132,Kia,Forte,2011,Goldenrod
WAUGN74F27N542119,Dodge,Stealth,1995,Khaki
3N1BC1AP8BL281815,Mitsubishi,Starion,1989,Yellow
2C3CDXFG3FH402473,Toyota,RAV4,2011,Crimson
19UUA9E5XDA715683,Buick,Regal,2004,Pink
WAUMV94E88N187268,Kia,Sedona,2008,Puce
1YVHZ8BA5A5010812,Mazda,CX-7,2012,Puce
3C4PDCEG4DT077277,GMC,Yukon,2000,Turquoise
1G6AZ5SXXE0566453,Oldsmobile,Cutlass Supreme,1996,Mauv
WBSDE93473C033126,Mitsubishi,Tredia,1985,Pink
WAUJFAFH3AN288300,Mercedes-Benz,E-Class,2009,Mauv
5NPEB4AC5DH685136,Toyota,FJ Cruiser,2009,Puce
WBA3T3C5XEP664508,Jeep,Compass,2012,Blue
TRUWT28N521201862,Chrysler,Concorde,1993,Orange
WAUGL98E48A160752,Ford,Mustang,1991,Crimson
WAUAH78E26A814723,Toyota,Tercel,1998,Orange
JHMZF1C66FS859522,Nissan,Maxima,1993,Turquoise
1FTEX1EW2AF232924,Ford,F-Series,2001,Mauv
JA32X2HU5DU171346,Chevrolet,Suburban,2007,Pink
WAUAC48H33K396461,Fiat,500,2012,Maroon
1FTNS1EW0AD885228,Dodge,Ram 1500,1998,Goldenrod
1G6KD54YX3U236701,Toyota,Previa,1997,Violet
5N1BA0NC7FN400802,Ford,F150,1992,Fuscia
WBALW3C58CC713703,Dodge,Neon,2003,Crimson
1N4AB7AP7EN629127,Hummer,H1,1998,Fuscia
3VW507AT0FM135523,Hyundai,Sonata,2002,Aquamarine
WAUEH74F86N849355,Toyota,Tacoma,2010,Blue
JN8AF5MR3DT738067,GMC,Sierra 1500,2009,Puce
WBA3A5C58EJ158714,Toyota,Land Cruiser,1993,Fuscia
WBAVC53547F038854,Cadillac,Escalade,2008,Maroon
1G4HD57268U134927,GMC,Sierra 1500,2011,Indigo
WAUVT64B72N692448,Toyota,Xtra,1992,Crimson
WBA6A0C59FD012922,Dodge,Viper,1997,Crimson
5GTMNGEE3A8465206,Bentley,Continental GTC,2012,Green
1D7RW3GK1AS745365,Volkswagen,Eurovan,1994,Pink
WBA3D3C54EF753350,Mercury,Cougar,1969,Purple
1D4PT4GX0BW651549,Mercedes-Benz,SLK-Class,2004,Khaki
1G6AB5R32D0169714,Mitsubishi,Pajero,1994,Indigo
WAUAFAFL4DN463081,Honda,Civic,2005,Goldenrod
2T1KE4EE7CC629111,Nissan,Datsun/Nissan Z-car,1990,Khaki
1G4GF5G3XCF514185,Volvo,V70,1998,Teal
1J4PN2GK1BW631286,Ford,Taurus,1990,Aquamarine
WBAAW33471E720089,Chevrolet,Corvette,2007,Maroon
JM3KE2BE7F0241729,Oldsmobile,Bravada,2001,Yellow
JN1AZ4EH6FM548976,Ram,C/V,2012,Puce
WVGEF9BP8DD486845,Audi,A8,2003,Red
2C3CA7CW7AH575152,Mazda,RX-7,1989,Fuscia
WAUKF98EX8A245421,Lotus,Esprit,1999,Maroon
WAUAC48H25K258722,Lincoln,Town Car,1988,Goldenrod
WAUBF78K79N271253,Isuzu,Amigo,1992,Teal
WAUDGBFLXCA001453,GMC,Canyon,2006,Crimson
WBAPH77509N225730,Cadillac,Escalade ESV,2011,Orange
5N1AT2MLXEC049378,Chevrolet,Express 2500,2008,Violet
WVGEF9BP2ED357842,Chevrolet,Colorado,2007,Crimson
1G4PS5SK9E4284941,Mercedes-Benz,C-Class,1995,Aquamarine
WBA3N3C51FF030523,Volkswagen,Jetta,1985,Indigo
137ZA84361E834787,Lexus,RX,2012,Yellow
4A37L2EF3AE863228,Mercedes-Benz,500SEL,1993,Yellow
WAUMGAFL8BA290941,Lexus,LS,1996,Blue
JTEBU4BFXCK127672,Chrysler,Concorde,2003,Khaki
WA1CMAFE0AD594135,Suzuki,Grand Vitara,2001,Red
WAUNF98P68A132628,Acura,TL,2002,Green
JM1NC2LF9D0567404,Volvo,V50,2007,Violet
WA1WMBFE1CD762323,Chrysler,Town & Country,1992,Fuscia
WBA3C1C5XFP622894,Honda,Passport,1997,Purple
1N6AA0CA1BN632868,Maserati,Biturbo,1987,Pink
WAUEKBFB4AN361785,Infiniti,Q,2000,Blue
1GTPCTEX7AZ524160,Mitsubishi,Montero,1994,Purple
WAUA2AFD9EN472543,Buick,Century,1998,Yellow
5FRYD4H22FB966587,Lamborghini,Gallardo,2012,Maroon
JH4KC1F91FC165587,Nissan,NV1500,2012,Mauv
WBAVB73547P146531,Plymouth,Prowler,2000,Puce
WBAUP73589V277408,Chevrolet,Equinox,2009,Green
KMHGH4JH1DU209292,Hyundai,Elantra,1993,Goldenrod
JN1BJ0HP3DM544100,Acura,RL,2003,Purple
WA1EY94L38D901840,Land Rover,Range Rover Sport,2006,Mauv
5N1AA0NC4EN256491,Toyota,Corolla,2001,Crimson
4A31K2DFXAE586359,Nissan,Quest,2000,Orange
1G4GC5EC0BF189461,Chevrolet,Camaro,1981,Mauv
WAUKH74F97N758132,Toyota,Sienna,2005,Blue
3N1CN7AP7DL363815,Cadillac,Catera,2001,Turquoise
JH4DC53024S572214,Dodge,Dakota,2011,Pink
WAUVC68E95A061586,Eagle,Summit,1995,Indigo
WA1CGAFE1CD357535,Pontiac,GTO,1972,Maroon
SCFFDCCD7CG831782,Honda,Element,2006,Pink
19UUA65626A243909,Pontiac,Grand Prix,1973,Violet
2G61S5S39E9953437,Infiniti,M,2012,Crimson
WAUVFAFR3DA226997,Mercedes-Benz,S-Class,1986,Khaki
WBAAV334X1F895899,Toyota,Camry,2012,Crimson
1GD21XEG1FZ286560,Mercedes-Benz,300CE,1992,Blue
YV440MBM1F1630652,Oldsmobile,88,1992,Violet
WA1VFAFL1EA430529,Ford,Bronco II,1988,Maroon
JTHKD5BH8C2772430,Land Rover,Discovery Series II,2001,Pink
2G61P5S30E9858105,Volkswagen,Passat,2001,Green
3D4PH9FG4BT734200,Chevrolet,Suburban 1500,1994,Goldenrod
1G4CW54K924177772,Suzuki,Samurai,1992,Violet
WBA3B1C58EK714083,Ford,F250,2011,Khaki
WBSCL93431L333700,Buick,Riviera,1991,Puce
WAUDH98E86A988529,Mazda,B2000,1985,Khaki
WBAPH57579N482808,Mercury,Topaz,1993,Puce
19UUA8F27BA519731,Honda,Accord,2007,Teal
WBABD53484P714932,Mercedes-Benz,Sprinter 3500,2011,Red
TRUUT28N311501308,Honda,Passport,1999,Red
3D7TP2CT2BG791002,Kia,Amanti,2007,Teal
1N6AF0KY6FN528589,Hyundai,Accent,2002,Turquoise
WAUAF78E16A907903,Toyota,Tundra,2009,Green
2T1BU4EE0DC901731,Scion,tC,2008,Goldenrod
1FTEW1CMXEK875328,Porsche,Cayenne,2013,Blue
19UUA9F76CA214837,Subaru,B9 Tribeca,2006,Turquoise
WAUGU44D42N117283,Dodge,Intrepid,2000,Green
2T2BK1BA9AC029630,Volkswagen,Passat,2010,Crimson
WAUKF68E25A848048,Suzuki,Reno,2007,Red
1G6DM57T160403421,Buick,Reatta,1990,Green
1D7RV1CT4AS926143,Mazda,Mazda6,2007,Goldenrod
1G6AY5SX1E0128360,Toyota,Matrix,2011,Khaki
WBAPK7C54BA827308,Plymouth,Colt,1992,Maroon
1G6DU6EVXA0475060,Cadillac,Eldorado,1994,Blue
2T1BU4EE0DC713985,Acura,Legend,1995,Crimson
1N6AD0CU5DN816845,Audi,RS 4,2008,Goldenrod
WAUNF98P38A587386,Oldsmobile,Intrigue,1999,Green
WAUBFAFL0BN309405,Ford,Mustang,2003,Pink
WBAFU7C52CD267973,Lexus,LS,1993,Violet
1C3BCBEBXCN929047,Ford,F250,2009,Yellow
YV1940AS5B1796571,Chevrolet,Express 2500,2010,Violet
WBAYB6C58ED847577,Volvo,S40,2006,Fuscia
4T1BD1FK9FU158877,Chevrolet,Tahoe,2002,Puce
4T1BD1EB0EU806087,Mitsubishi,Chariot,1987,Green
4T1BF1FK0CU116538,Chrysler,Sebring,2009,Purple
WBA3C1C58DF792058,Audi,Coupe GT,1986,Blue
WBAVB33586P257235,Mitsubishi,L300,1988,Aquamarine
3VWJX7AJ6AM127847,Ford,Contour,1997,Pink
WAUDT74F85N581206,Mitsubishi,Mighty Max Macro,1992,Goldenrod
JM1DE1HYXB0863619,Dodge,Dakota,1999,Teal
WAUR4AFD9CN665771,Chrysler,LeBaron,1992,Crimson
3N1CN7AP8DL816811,Volvo,V50,2007,Turquoise
JTDKDTB39C1526437,Volvo,S40,2004,Orange
JA32X8HW1CU269390,Jaguar,XJ Series,1992,Khaki
1C4RJEAG2CC814604,Ford,Excursion,2000,Purple
1GYS3SKJ7FR547203,Volvo,S40,2005,Turquoise
SAJWA4DC6BM109899,Ford,Mustang,2002,Puce
WAU3FAFR0CA377348,Nissan,240SX,1994,Pink
1N6AA0CC3BN273265,Ford,Model T,1909,Turquoise
WBAYA8C50DD598253,Toyota,Tacoma,2001,Yellow
1FTEX1EW7AF398730,GMC,Savana 2500,2010,Goldenrod
WAULT64B63N692935,Chevrolet,Impala,1994,Turquoise
1FTMF1EW6AF870611,Mercury,Tracer,1991,Violet
19UUA75577A321907,Audi,A6,2006,Fuscia
2G4WD582061270646,Buick,LeSabre,1989,Khaki
1N6AA0CJ3EN395546,Dodge,Caravan,1993,Red
WAUDT48HX4K669376,Mercury,Sable,1996,Blue
5N1AZ2MG9FN086073,Honda,Pilot,2007,Blue
3VW517AT8FM991150,BMW,M5,2008,Violet
1G4GE5GDXBF287574,Ford,Crown Victoria,2004,Mauv
WAUDH48H99K978393,Volkswagen,GTI,2006,Turquoise
1N6AA0CA7BN480658,Lexus,IS,2001,Violet
JTHCL5EF8F5902081,Dodge,Ram 2500,1994,Red
5TDBK3EH7CS285770,Audi,A6,2006,Violet
3D73M4HL4AG383676,Chevrolet,Malibu,1997,Green
2C3CDXGJ9EH600189,Buick,Electra,1984,Fuscia
WAUFFBFLXCA379347,Geo,Metro,1996,Orange
1G6DA67V290002917,Volvo,240,1993,Violet
1G4GH5G31DF620374,Chevrolet,TrailBlazer,2004,Purple
WBAYF8C55DD888862,Infiniti,G25,2012,Khaki
WUARL48H18K054765,Nissan,Quest,2007,Pink
2FMGK5B87EB455807,Mitsubishi,Eclipse,1993,Crimson
WAUCD64B14N333703,Chrysler,New Yorker,1996,Purple
JA32U1FUXBU315704,Lexus,LX,1999,Fuscia
1D4PU7GX5BW858517,Dodge,Ram 1500,2005,Teal
JTJBM7FX6C5021370,Land Rover,Range Rover Sport,2008,Teal
SALME1D43BA521063,Dodge,Ram 1500 Club,1997,Khaki
JN8AZ2KR9CT345374,Chevrolet,Impala,2004,Fuscia
WAUVC58E02A089637,Dodge,Daytona,1992,Crimson
YV1672MSXB2564575,Buick,LaCrosse,2007,Puce
JN1AZ4EH5DM565488,Nissan,Rogue,2008,Indigo
JTEBU5JR3F5815808,Subaru,Legacy,2012,Maroon
5TDBKRFH1FS310006,Ford,Expedition,2011,Maroon
5FRYD4H40FB132786,Lexus,LX,2010,Khaki
SAJWA4EB9EL531004,Mitsubishi,3000GT,1992,Maroon
WAULT64BX3N828659,Chevrolet,Cruze,2011,Turquoise
WAUZL54B21N394450,Pontiac,Grand Prix,1983,Violet
JHMGE8G32BS423330,Lexus,GX,2011,Blue
2C3CDXEJXEH838586,Subaru,Legacy,2010,Violet
3D7JB1EK0AG380944,Toyota,Tundra,2000,Green
WAUFFAFCXEN824403,Audi,Q7,2007,Indigo
5N1AN0NW6DN563853,Ford,Bronco,1992,Blue
1FADP3E25DL366121,Dodge,Ram,2003,Crimson
JN8AZ1FY3CW910535,Mitsubishi,Galant,1985,Crimson
WBADT33432G598262,Dodge,D150 Club,1992,Khaki
5XYZT3LB3EG441247,Toyota,Celica,2004,Red
WBAEW53405P373776,Morgan,Aero 8,2006,Violet
3D73M4CL9AG158015,Chevrolet,Tracker,2003,Mauv
2HNYD2H29AH037449,Suzuki,Aerio,2004,Turquoise
3VW4T7AT5EM159740,Mercedes-Benz,E-Class,1984,Goldenrod
JN1AY1AR1DM585110,Ferrari,F430,2007,Green
2G61U5S30D9672636,Citroën,2CV,1948,Maroon
3MZBM1K79FM423661,Dodge,Ram 1500,2007,Crimson
1FTEX1CM4DF045402,Ford,E350,2006,Turquoise
WAUNF98P38A308342,Pontiac,Grand Prix,1972,Green
JTHBL5EF5F1259076,Chrysler,LHS,1997,Red
1G6DG1E39E0293011,Lincoln,Continental,2002,Mauv
JH4KC1F3XEC742336,Chrysler,New Yorker,1996,Teal
1FTFW1E83AK458471,Lincoln,Continental Mark VII,1987,Red
WVWBB7AJ2DW394381,Mercedes-Benz,CL-Class,2006,Blue
WAUCFAFC5EN231454,Audi,A4,2008,Turquoise
4T1BF1FK1EU592087,Pontiac,Grand Prix,1997,Goldenrod
2G4WC582271557605,Lamborghini,Diablo,1997,Indigo
5UXFG8C57AL335959,Mazda,MX-5,2004,Green
KMHTC6AD2DU866561,Chevrolet,Express 2500,2001,Aquamarine
WAUPFAFMXCA179706,Volkswagen,Fox,1987,Mauv
1GYS3SKJ3FR876433,Peugeot,207,2006,Pink
WBA3B1G53FN392379,Mitsubishi,Mirage,1989,Yellow
WVGEF9BP0ED346306,Nissan,Frontier,2004,Teal
2HNYD18691H372434,Oldsmobile,Cutlass,1998,Mauv
5FRYD4H49EB762787,Dodge,Dakota Club,1994,Indigo
5FRYD3H82FB053665,Volkswagen,Touareg,2011,Yellow
2C3CA1CV8AH933704,Mazda,Miata MX-5,1994,Red
SALCR2BG8FH177584,Volkswagen,GTI,1988,Aquamarine
1FMCU4K30BK998974,Nissan,NV2500,2012,Aquamarine
1C3CDZCB5DN094182,GMC,Sierra 2500,2010,Pink
WBAKB0C57BC182711,Mitsubishi,Eclipse,1995,Orange
WA1LMBFE3DD722460,Mitsubishi,Galant,2009,Goldenrod
1FTFW1E87AK665784,Buick,Reatta,1991,Crimson
WBSDE93412C831992,Studebaker,Avanti,1961,Goldenrod
JN1CV6AP5BM732040,Chrysler,LHS,1994,Puce
WP1AA2A29CL718982,Chevrolet,Tahoe,2008,Blue
5NPEB4AC9DH111963,Chevrolet,Corvette,1995,Crimson
1G6AB5RX1E0686765,Isuzu,Trooper,1997,Blue
2T2BK1BA7EC958527,Ford,F350,2005,Puce
WAUMF98KX9N907152,Eagle,Vision,1994,Crimson
WBAUP73529V942304,Nissan,Pathfinder,1992,Aquamarine
TRUWX28N911164754,Lincoln,Blackwood,2003,Blue
4JGDA2EB1EA151902,Mitsubishi,Pajero,1994,Indigo
2HNYD18884H399761,Lexus,SC,1995,Goldenrod
SCBLC31E82C614346,Infiniti,IPL G,2012,Khaki
WAUSF78E46A737217,Volkswagen,GTI,2010,Maroon
JTDZN3EU8EJ031617,Land Rover,Range Rover Sport,2011,Blue
1FTEW1CM2BK860527,Mitsubishi,Lancer,2008,Indigo
2T1BU4EE9DC301483,Toyota,Tundra,2003,Turquoise
JN8AF5MV9FT601120,Oldsmobile,LSS,1997,Teal
1FBNE3BL4CD932362,GMC,Savana 1500,2011,Pink
3C6JD6DT9CG328654,Ford,Thunderbird,1989,Teal
WBA3B9C59DJ372629,GMC,Yukon XL 2500,2010,Red
JTHBE1BL2F1312961,Infiniti,Q,1997,Khaki
WBAGG83481D317359,Toyota,FJ Cruiser,2010,Goldenrod
WBADR634X1G325429,BMW,X6 M,2011,Fuscia
1G6AH5RX3E0426706,Nissan,Armada,2005,Violet
JHMZE2H38ES109268,Acura,CL,1999,Green
WAUHF78P88A444032,Mercury,Tracer,1998,Khaki
3D73M3HL6AG539856,Ford,F250,2007,Turquoise
WAUML54B03N700302,Ford,E250,2005,Khaki
JN8AF5MR9DT059601,GMC,Rally Wagon G3500,1995,Green
1GYUCHEF8AR631770,Hyundai,Sonata,1992,Fuscia
1N6AF0KX1FN916465,Toyota,RAV4,2011,Blue
5N1AN0NW2DN276140,Buick,Riviera,1988,Teal
WBA3A5C59CF624991,Mercury,Grand Marquis,2010,Puce
3D7TP2HT7AG238398,Cadillac,STS-V,2006,Mauv
2B3CA2CV7AH633784,GMC,Yukon,1997,Teal
KNAFU6A29B5452565,Mercury,Grand Marquis,2011,Purple
KL4CJHSB7FB312282,Porsche,Panamera,2012,Maroon
WAUFGAFBXBN233522,Ford,Econoline E250,1993,Teal
3D7JB1EK1BG419851,GMC,Yukon XL 1500,2002,Fuscia
4JGDF2EE1DA860517,Nissan,Maxima,1990,Pink
WDCYC3HF6FX738268,Mercedes-Benz,300E,1992,Aquamarine
5N1AA0NC7CN423987,Mitsubishi,Tredia,1984,Crimson
3C63D2EL7CG328345,Scion,tC,2010,Maroon
WBA5B1C53FD125358,Porsche,944,1983,Puce
JTDJTUD33DD349532,Ford,Econoline E250,1996,Maroon
YV1672MC2CJ625367,Chevrolet,Express 2500,1996,Turquoise
JH4DC53852C426922,Ford,Excursion,2002,Crimson
1FMJK1K50AE948201,Plymouth,Acclaim,1994,Red
JTDKDTB38C1104773,Mitsubishi,Diamante,2001,Khaki
137FA84321E418092,Honda,Odyssey,2002,Teal
1FTEX1CW7AF572248,Subaru,Impreza,1998,Crimson
3MZBM1K73EM706166,Chevrolet,Monte Carlo,2006,Turquoise
JHMZE2H37DS197681,BMW,X5,2011,Maroon
1G6DM5E35D0293909,Ford,E-Series,1990,Goldenrod
WA1CMAFP3FA545683,Subaru,Legacy,1991,Aquamarine
JH4CU2E81EC041494,Mitsubishi,Cordia,1986,Blue
WBAPH7G51BN548108,Mercury,Capri,1994,Orange
JN1BY0AP4AM596675,Acura,RL,2006,Khaki
WBADT53433C832937,Ford,Expedition EL,2010,Aquamarine
3D7LP2ET1AG998783,Dodge,D250 Club,1993,Teal
1G6AA5RA7D0442258,Chevrolet,LUV,1979,Maroon
2HNYB1H22AH472295,Buick,Verano,2012,Puce
1N6AA0CJ7DN456797,Mercury,Sable,2001,Goldenrod
WVGFG9BP0BD019434,GMC,Sonoma Club Coupe,1997,Pink
JH4DC53883S261049,Pontiac,Firebird,1990,Pink
WAUBFAFL8FA695021,Lincoln,Town Car,2011,Crimson
3MZBM1K71EM855627,Chevrolet,Corvair,1960,Crimson
1GYS4FEJ8BR592757,Toyota,Land Cruiser,1996,Aquamarine
1N6AA0EC2EN288891,Jeep,Patriot,2009,Purple
WAUJC68E53A676082,Oldsmobile,Alero,2000,Turquoise
4T1BF1FK2EU292865,Chevrolet,Corvette,2000,Aquamarine
WAUVC58E75A129247,GMC,Savana Cargo Van,2006,Puce
WVGAV7AX8AW984941,Volkswagen,Jetta,1990,Purple
WDDHF2EB5DA041043,Mitsubishi,Truck,1988,Yellow
1G4PP5SK9C4044223,Chevrolet,TrailBlazer,2005,Puce
JN1CV6AP9CM908251,Chevrolet,Express 2500,2004,Crimson
3N1AB6AP7BL171026,Volvo,850,1995,Teal
WBAVA33587P819879,Peugeot,207,2007,Indigo
1N4AB7AP6EN522666,Mazda,B-Series Plus,2000,Yellow
3C63DPBL2CG825580,Mitsubishi,Mirage,1997,Maroon
JM1BL1K36B1684837,Dodge,Daytona,1984,Green
4T1BF1FK5CU210074,Subaru,Impreza,1999,Yellow
2V4RW3DG6BR512665,BMW,Z4,2003,Blue
1HGCP2E41AA299088,Ford,Econoline E150,1996,Fuscia
1GYFK63898R469209,BMW,545,2004,Purple
3D73M4CL1AG154444,Land Rover,Defender,1994,Turquoise
2FMPK4J9XFB042785,Mitsubishi,L300,1987,Goldenrod
TRUUT28N551766804,Mitsubishi,Mirage,1986,Turquoise
3D7TP2CT8BG228200,Buick,Regal,2001,Maroon
YV1902FH1D1443445,Isuzu,Trooper,1995,Khaki
1G6AB5S33F0950979,GMC,Savana,2010,Violet
1FTEW1C87AK469326,Toyota,Tacoma,1995,Pink
WVGDP9BP1ED477060,Mercedes-Benz,SL65 AMG,2006,Maroon
1G4GE5E36CF433335,Mercedes-Benz,CLK-Class,1998,Turquoise
1GYFC66868R852646,GMC,Savana,2010,Purple
1G4GA5GC8BF420853,Toyota,MR2,2005,Mauv
5J8TB3H54FL195327,GMC,Yukon XL 1500,2002,Pink
1FTEX1CM5BF777244,Mazda,Mazdaspeed 3,2007,Red
1G4GB5GR1EF513459,Mitsubishi,Pajero,1990,Red
1G6DA8EG3A0505098,Subaru,Loyale,1994,Pink
1G4GF5G34DF002844,Plymouth,Sundance,1994,Yellow
1G6AD5S3XD0558766,Rolls-Royce,Phantom,2013,Khaki
JM1NC2LFXC0403030,Lamborghini,Reventón,2008,Indigo
WBABS33432J524529,Plymouth,Prowler,1997,Goldenrod
1C4RJEAG7FC793883,Honda,Accord,1992,Aquamarine
5J8TB4H55FL236702,Hyundai,Elantra,2000,Red
JM3KE2BE3E0581491,Ford,Focus,2009,Blue
WBAFR7C50BC823283,GMC,3500,1997,Aquamarine
1N4AB7AP5DN595980,Subaru,Impreza,2008,Teal
5GAKRCKD8EJ873143,Chevrolet,Express 1500,2005,Orange
WBA5B3C59FD809021,Chevrolet,Tahoe,2009,Turquoise
WDDHF8JB7DA900867,Porsche,968,1994,Green
1FTWW3A52AE887221,Subaru,SVX,1992,Crimson
JH4KB16518C154804,Ford,E150,2003,Crimson
3C6TD5NT7CG319503,Acura,Integra,1996,Aquamarine
1GKS1EEFXCR090908,Nissan,Armada,2012,Khaki
WAUMFAFL0DA442216,BMW,3 Series,2010,Pink
5UMBT93566L682316,Mazda,MX-6,1994,Fuscia
SCFEBBBK4BG008785,Volkswagen,Jetta,1986,Maroon
WDCYC3HF9CX753469,Kia,Sportage,2005,Purple
1G6DL1E33C0994524,Chrysler,300,2009,Mauv
WBA3R5C58FF206077,Mercury,Sable,2009,Green
WBAHN83548D089552,Mitsubishi,Mighty Max,1996,Maroon
4T1BF1FK6CU326674,Mitsubishi,Starion,1986,Turquoise
SCBBB7ZH1DC845970,Pontiac,Sunbird,1990,Khaki
JN1AZ4EH9DM545213,GMC,Sonoma Club,1992,Aquamarine
WUAW2AFC9FN442334,Dodge,Neon,1998,Turquoise
19UYA42421A026359,Pontiac,Grand Am,1998,Blue
1YVHZ8BA6A5972150,Cadillac,STS-V,2009,Puce
5XYKT3A16BG077199,Pontiac,Grand Prix,1995,Indigo
1D7RV1CP2AS059991,Dodge,Ram 1500,2003,Yellow
WBAVT73567F450723,Mazda,MX-5,2004,Mauv
3VWF17AT7FM080327,Dodge,Ram Van 2500,2001,Mauv
WAUDT48H66K977499,Buick,LeSabre,2000,Violet
WAUNF98P67A131526,Porsche,Boxster,1998,Mauv
WDDHF2EB7CA899192,Mercury,Topaz,1991,Goldenrod
1G4CW54K124009107,Honda,Civic GX,2003,Red
4A4JM2AS7BE974268,Volkswagen,Golf,1996,Green
1GD020CG3CF822338,Kia,Rondo,2010,Puce
3D73Y4ELXBG635392,Oldsmobile,Achieva,1997,Puce
YV1612FH6D1434434,Mazda,626,1994,Orange
WA1EY94LX9D354034,Mitsubishi,Chariot,1993,Turquoise
WP1AA2A21BL650398,Chevrolet,Sportvan G20,1995,Red
1G6DK8E33C0349304,Porsche,911,1997,Puce
1FMEU3DE5AU048761,Audi,A6,2005,Purple
2C3CCADT0CH360209,Ford,Mustang,2006,Mauv
WDBWK5EA0AF447007,Volvo,S80,2008,Green
1G4GA5GR1CF993941,Toyota,Tercel,1996,Teal
3GYFNCEY2AS332263,Pontiac,Torrent,2008,Violet
WA1CKAFP4AA110170,Land Rover,LR2,2008,Orange
JH4DC53856S925893,Nissan,240SX,1996,Maroon
WBAKG7C57CE009965,Ford,Five Hundred,2005,Puce
JTDKN3DU5F0049938,Ford,F350,1994,Goldenrod
1FTFW1E81AF185653,Ferrari,458 Italia,2012,Khaki
SCBLF34F36C743581,Chevrolet,Lumina,1994,Pink
2T1BU4EE4BC873073,Pontiac,G6,2007,Puce
JHMFA3F20AS288480,Toyota,Corolla,1999,Orange
WBAEU33482P625151,Ford,Explorer,2000,Mauv
5GAKRCKD7DJ713592,Mercedes-Benz,E-Class,2007,Violet
JHMFA3F26AS822193,Kia,Sportage,1995,Mauv
WBA3V5C56FP888575,Cadillac,CTS,2008,Yellow
WAUHGBFC4DN725358,Plymouth,Colt,1994,Purple
3GYFNHE39DS582623,Plymouth,Grand Voyager,1995,Goldenrod
JTHFE2C2XA2555319,Subaru,Legacy,1997,Pink
WAUAH94F37N429997,Mitsubishi,Eclipse,2000,Red
WBADX7C52DE041667,Lincoln,Continental,1996,Goldenrod
WBABN534X3J505044,Chevrolet,Classic,2005,Crimson
1FMJK1F57AE313034,Subaru,Impreza,1995,Khaki
W04GX5GV7B1848652,Land Rover,Range Rover,2001,Goldenrod
1G6AB5RX6D0292337,Ford,Escort,1988,Yellow
