id,first_name,last_name,email,birth_date,country,gpa,major
1,Lisle,Scamal,lscamal0@gravatar.com,8/6/1957,China,3.36,1
2,Birdie,Folcarelli,bfolcarelli1@wikispaces.com,12/23/1933,China,3.29,2
3,Weston,Corck,wcorck2@theatlantic.com,9/6/1931,China,3.51,9
4,Nicolis,Barnsdale,nbarnsdale3@ihg.com,1/3/1933,China,2.37,9
5,Valida,Chadwen,vchadwen4@prlog.org,5/26/1982,Brazil,3.52,1
6,Judon,Castagnet,jcastagnet5@delicious.com,1/29/1988,Russia,1.86,7
7,Gibb,Ellis,gellis6@state.tx.us,5/5/1968,Philippines,2.85,1
8,Justinn,Uc,juc7@cisco.com,8/27/1928,Indonesia,1.56,7
9,Winn,Halsworth,whalsworth8@reference.com,9/2/1981,Yemen,1.57,2
10,Fidel,McCheyne,fmccheyne9@mlb.com,1/17/1926,Ukraine,1.64,3
11,Wrennie,Belin,wbelina@cnn.com,4/10/1975,China,1.67,2
12,Tobit,Burnyeat,tburnyeatb@woothemes.com,2/3/1960,Philippines,2.4,4
13,Rudie,Drayson,rdraysonc@answers.com,11/9/1920,Czech Republic,3.49,11
14,Paulo,Diano,pdianod@de.vu,1/6/1960,Peru,3.11,5
15,Alis,Hamlett,ahamlette@wp.com,12/30/1942,Portugal,1.73,5
16,Gilbert,Drewell,gdrewellf@clickbank.net,2/22/1952,Honduras,2.14,1
17,Hyacinthie,Guerri,hguerrig@ifeng.com,10/4/1963,China,2.06,12
18,Thane,Cheyne,tcheyneh@usda.gov,6/27/1945,Nicaragua,2.64,10
19,Kathie,Kilbourn,kkilbourni@hostgator.com,11/1/1965,Kyrgyzstan,3.15,7
20,Ajay,Beamson,abeamsonj@usgs.gov,1/11/1948,Portugal,2.49,5
21,Worden,Stearn,wstearnk@chron.com,2/11/1937,Poland,2.77,9
22,Morgana,Oxburgh,moxburghl@who.int,1/11/1937,China,2.0,6
23,Dew,Handyside,dhandysidem@harvard.edu,12/20/1954,Greece,2.3,1
24,Rinaldo,Sherewood,rsherewoodn@pinterest.com,5/22/1942,Brazil,4.0,4
25,Armand,Normadell,anormadello@merriam-webster.com,8/1/1960,Brazil,3.65,11
26,Freedman,Edmonson,fedmonsonp@go.com,11/26/1933,Brazil,3.93,9
27,Thor,Palister,tpalisterq@cisco.com,12/9/1986,Brazil,3.07,7
28,Tracy,Gager,tgagerr@illinois.edu,5/21/1920,Thailand,2.46,6
29,Ritchie,Morpeth,rmorpeths@tmall.com,10/27/1960,Poland,3.52,1
30,Imogen,Cleare,iclearet@seesaa.net,7/30/1994,Poland,1.91,8
31,Jillana,Ranyell,jranyellu@furl.net,1/4/1974,Colombia,3.41,7
32,Pavlov,Jacomb,pjacombv@nsw.gov.au,6/28/1986,Dominican Republic,2.45,4
33,Stacee,Pearle,spearlew@altervista.org,9/5/1961,Malta,2.91,4
34,Joseph,Gallafant,jgallafantx@timesonline.co.uk,5/27/1990,China,1.77,10
35,Meyer,Haggarth,mhaggarthy@xinhuanet.com,3/4/1943,Cyprus,2.24,9
36,Brendan,Shayes,bshayesz@ed.gov,6/16/1962,France,3.54,5
37,Sondra,Janata,sjanata10@google.nl,1/24/1934,Ivory Coast,3.57,11
38,Lilly,Sinnie,lsinnie11@topsy.com,7/15/1958,Philippines,1.66,2
39,Clerc,Lefever,clefever12@cbc.ca,10/16/1988,Canada,2.53,2
40,Ashley,Twinbrow,atwinbrow13@cbc.ca,12/5/1946,Slovenia,2.46,10
41,Denna,Krink,dkrink14@51.la,9/4/1965,China,2.16,2
42,Malory,Cicchillo,mcicchillo15@senate.gov,5/29/1937,Panama,2.14,9
43,Elden,Berzen,eberzen16@newsvine.com,11/2/1944,China,3.34,3
44,Lane,Gulston,lgulston17@abc.net.au,10/15/1985,Bahrain,2.46,5
45,Dannel,Dudek,ddudek18@businesswire.com,10/1/1975,Dominican Republic,3.94,1
46,Nonah,Hardey,nhardey19@jugem.jp,8/4/1921,China,3.53,7
47,Letitia,Saurin,lsaurin1a@hatena.ne.jp,1/2/1963,Philippines,3.63,9
48,Efren,Tippell,etippell1b@gnu.org,1/8/1997,Jordan,1.88,3
49,Maegan,Gover,mgover1c@stanford.edu,6/11/1953,Philippines,1.95,8
50,Moll,MacLice,mmaclice1d@shareasale.com,11/24/1987,Poland,3.49,10
51,Germaine,Tuminelli,gtuminelli1e@acquirethisname.com,8/30/1980,China,2.34,6
52,Janene,Erlam,jerlam1f@goo.ne.jp,2/24/1951,Indonesia,2.07,1
53,Linus,Ferries,lferries1g@msu.edu,11/20/1967,Russia,2.84,2
54,Hetti,Gauntley,hgauntley1h@google.nl,2/24/1947,Brazil,1.91,1
55,Aldo,Waldron,awaldron1i@hud.gov,8/24/1948,Pakistan,3.11,7
56,Lauree,Prowse,lprowse1j@mail.ru,11/8/1977,Philippines,2.2,8
57,Lyndel,Iannello,liannello1k@usda.gov,6/12/1981,China,1.74,12
58,Gaultiero,Hutcheons,ghutcheons1l@trellian.com,3/17/1957,Portugal,2.62,6
59,Ree,Addicott,raddicott1m@tamu.edu,5/29/1981,France,3.54,6
60,Jania,Woolland,jwoolland1n@marketwatch.com,2/3/1933,Venezuela,3.36,8
61,Corliss,Stapylton,cstapylton1o@youtu.be,3/12/1985,Philippines,2.73,8
62,Ado,Melpuss,amelpuss1p@oaic.gov.au,4/17/1922,China,3.33,1
63,Barret,Woolens,bwoolens1q@sina.com.cn,3/1/1978,China,2.87,7
64,Amory,Linklater,alinklater1r@nps.gov,9/11/1945,Russia,3.0,2
65,Shelby,Tandy,standy1s@moonfruit.com,10/6/1933,China,3.83,5
66,Berkly,Baldelli,bbaldelli1t@upenn.edu,11/3/1960,China,1.55,11
67,Marisa,Gaddes,mgaddes1u@disqus.com,5/4/1941,Latvia,3.14,6
68,Rorie,Hurling,rhurling1v@google.nl,7/18/1935,Armenia,3.81,10
69,Ambrosio,Harte,aharte1w@unesco.org,7/25/1963,Greece,2.82,9
70,Silvio,Rizzillo,srizzillo1x@umn.edu,6/11/1929,Portugal,3.52,9
71,Wilone,Miskimmon,wmiskimmon1y@comsenz.com,12/27/1997,Azerbaijan,2.58,2
72,Tedman,Bryning,tbryning1z@xinhuanet.com,9/7/1997,Greece,2.25,11
73,Teressa,Duhig,tduhig20@dot.gov,7/4/1968,Mexico,3.57,6
74,Abey,Caves,acaves21@nature.com,4/13/1933,Mali,3.35,6
75,Nancey,Van de Vlies,nvandevlies22@java.com,8/26/1981,Greece,3.37,12
76,Liva,Alcott,lalcott23@angelfire.com,7/4/1929,China,3.68,5
77,Selestina,Charpling,scharpling24@google.com,3/7/1965,Pakistan,1.82,3
78,Mag,Panter,mpanter25@woothemes.com,1/8/1997,Brazil,3.72,2
79,Shermy,Plews,splews26@weibo.com,7/3/1993,Portugal,3.78,11
80,Kendal,Petherick,kpetherick27@spiegel.de,6/30/1945,China,2.7,7
81,Koral,Flooks,kflooks28@com.com,3/7/1983,Russia,1.82,5
82,Karee,Oguz,koguz29@people.com.cn,4/20/1996,Indonesia,3.15,11
83,Kathleen,Frearson,kfrearson2a@ning.com,8/16/1931,Mongolia,2.9,7
84,Tabbatha,Totterdell,ttotterdell2b@squarespace.com,3/3/1939,Bangladesh,3.73,3
85,Jessamine,Tante,jtante2c@phoca.cz,2/3/1924,China,3.1,4
86,Kerr,Klimkin,kklimkin2d@craigslist.org,8/27/1935,Brazil,3.16,6
87,Gertrud,Summerrell,gsummerrell2e@quantcast.com,4/22/1995,Sweden,3.11,2
88,Tom,Calderon,tcalderon2f@shinystat.com,9/8/1941,France,2.56,12
89,Vevay,Jacox,vjacox2g@blog.com,9/30/1996,Jordan,3.35,7
90,Kevon,Moogan,kmoogan2h@tripadvisor.com,10/26/1949,China,2.65,10
91,Sheri,Siddle,ssiddle2i@discuz.net,1/29/1986,Portugal,2.89,6
92,Hercule,Retter,hretter2j@usatoday.com,3/30/1927,China,3.5,12
93,Karlene,Fedder,kfedder2k@slashdot.org,7/11/1959,United States,2.63,1
94,Shae,Sherborn,ssherborn2l@ihg.com,2/13/1929,Portugal,3.08,3
95,Arlana,Dockwra,adockwra2m@slideshare.net,4/14/1995,Azerbaijan,3.14,7
96,Matthiew,Daniels,mdaniels2n@wired.com,5/13/1971,China,3.73,2
97,Barty,Shere,bshere2o@live.com,12/16/1944,China,2.41,3
98,Frannie,Anthill,fanthill2p@storify.com,10/23/1957,South Africa,2.66,9
99,Garrek,Pedder,gpedder2q@miitbeian.gov.cn,6/4/1978,Indonesia,2.65,10
100,Alisun,Castaner,acastaner2r@msn.com,5/13/1923,Indonesia,2.22,3
101,Waring,Jagoe,wjagoe2s@naver.com,7/29/1921,Malaysia,3.67,9
102,Bernita,Boynton,bboynton2t@altervista.org,7/1/1956,Greece,2.36,1
103,Shelia,Loades,sloades2u@reuters.com,12/26/1934,China,1.77,8
104,Boris,Kentish,bkentish2v@tiny.cc,12/29/1948,Indonesia,3.3,7
105,Gil,Darwood,gdarwood2w@sun.com,1/1/1990,Myanmar,2.97,12
106,Andie,Fawcitt,afawcitt2x@pbs.org,8/11/1982,France,2.67,10
107,Uta,Molineaux,umolineaux2y@1und1.de,10/9/1994,Kenya,2.73,4
108,Dex,Wellard,dwellard2z@mashable.com,4/27/1951,Japan,3.61,6
109,Natividad,Sermin,nsermin30@admin.ch,2/4/1962,Russia,3.9,10
110,Preston,Fossitt,pfossitt31@nsw.gov.au,9/5/1989,Mongolia,1.53,7
111,Blaine,Bullen,bbullen32@globo.com,4/30/1940,China,1.61,5
112,Charles,Gumbley,cgumbley33@reverbnation.com,5/21/1933,Russia,1.9,4
113,Berkeley,Pycock,bpycock34@smugmug.com,11/19/1983,Indonesia,1.58,7
114,Dacie,Elsdon,delsdon35@redcross.org,9/2/1943,Ivory Coast,2.92,10
115,Garry,Capnor,gcapnor36@bbc.co.uk,4/14/1983,Indonesia,1.66,10
116,Carlita,Glen,cglen37@youtu.be,7/10/1964,Philippines,2.19,3
117,Nathan,MacCracken,nmaccracken38@gov.uk,6/24/1932,Uzbekistan,2.18,9
118,Rosalinde,Speight,rspeight39@linkedin.com,9/28/1986,Albania,3.09,10
119,Barbi,Harbor,bharbor3a@prnewswire.com,8/4/1927,Norway,2.69,6
120,Kippie,Chaplyn,kchaplyn3b@virginia.edu,2/24/1939,China,2.15,8
121,Kaile,Defty,kdefty3c@hostgator.com,11/19/1991,China,3.35,3
122,Ursuline,Beneze,ubeneze3d@goo.ne.jp,2/8/1997,Russia,2.45,12
123,Mariya,Beany,mbeany3e@icq.com,10/4/1969,Indonesia,3.22,10
124,Stacee,Godly,sgodly3f@indiegogo.com,3/27/1998,Serbia,3.21,12
125,Anitra,Jeaneau,ajeaneau3g@gnu.org,6/25/1951,Poland,2.81,7
126,Ewen,Pirolini,epirolini3h@accuweather.com,3/24/1983,China,1.68,11
127,Birch,Quiddington,bquiddington3i@ebay.co.uk,10/3/1925,Norway,3.78,4
128,Katheryn,Hugueville,khugueville3j@ifeng.com,7/16/1957,Indonesia,1.51,7
129,Sileas,Meneely,smeneely3k@geocities.jp,9/26/1940,Venezuela,3.6,1
130,Myrtice,Mallord,mmallord3l@sina.com.cn,10/5/1940,Sweden,1.82,2
131,Jeanne,Wildbore,jwildbore3m@geocities.jp,1/24/1963,South Africa,3.63,10
132,Glyn,Willets,gwillets3n@uol.com.br,6/11/1931,Russia,1.64,8
133,Hayyim,Penlington,hpenlington3o@ca.gov,8/6/1935,Ukraine,3.49,3
134,Calypso,Bertwistle,cbertwistle3p@chronoengine.com,6/20/1941,Thailand,3.79,12
135,Franciskus,MacIlwrick,fmacilwrick3q@mit.edu,8/26/1997,Brazil,3.37,2
136,Kerwin,Nibley,knibley3r@nydailynews.com,9/12/1964,Czech Republic,3.1,7
137,Hubey,Denne,hdenne3s@amazon.com,6/11/1993,Thailand,2.05,3
138,Grissel,Ireson,gireson3t@wsj.com,3/4/1985,Thailand,2.23,5
139,Andee,Mynett,amynett3u@dmoz.org,8/22/1924,Brazil,2.38,3
140,Denyse,Campanelle,dcampanelle3v@joomla.org,5/13/1962,Croatia,2.28,10
141,Carrissa,Worsfield,cworsfield3w@usnews.com,1/26/1986,Philippines,2.83,10
142,Patricia,Frizell,pfrizell3x@wunderground.com,4/13/1932,Iran,3.33,9
143,Agnes,Cardello,acardello3y@webeden.co.uk,12/1/1946,Japan,3.06,4
144,Egon,Lyard,elyard3z@mysql.com,11/19/1961,Sweden,2.08,10
145,Alyda,Jime,ajime40@upenn.edu,9/21/1987,Sweden,2.15,11
146,Rosalinde,Bridgstock,rbridgstock41@cnn.com,2/26/1920,Netherlands,3.98,12
147,Krystle,Christer,kchrister42@oakley.com,7/18/1992,Portugal,2.14,9
148,Shermy,Curnok,scurnok43@webmd.com,9/24/1955,South Korea,2.59,7
149,Tracee,Bawle,tbawle44@guardian.co.uk,5/25/1921,Russia,2.89,4
150,Kitti,Albasini,kalbasini45@goo.ne.jp,5/6/1990,Netherlands,3.66,4
151,Samantha,Klishin,sklishin46@whitehouse.gov,10/16/1980,Mexico,4.0,4
152,Hermy,Caddies,hcaddies47@wisc.edu,12/29/1988,Peru,2.57,10
153,Mathias,Ethersey,methersey48@forbes.com,6/23/1953,Honduras,2.75,4
154,Coriss,Cumes,ccumes49@nba.com,6/14/1999,Philippines,1.73,4
155,Giles,Benda,gbenda4a@imageshack.us,6/10/1934,Portugal,2.48,6
156,Emory,Adamiak,eadamiak4b@cnn.com,8/2/1944,Italy,1.89,4
157,Jilleen,McCloud,jmccloud4c@blogspot.com,9/23/1977,Argentina,2.32,10
158,Sharyl,Jumel,sjumel4d@ft.com,6/22/1956,China,2.05,4
159,Emeline,Kindley,ekindley4e@constantcontact.com,12/28/1959,China,3.17,7
160,Adaline,Maher,amaher4f@upenn.edu,1/5/1956,Ukraine,2.32,12
161,Esdras,Leitch,eleitch4g@state.gov,1/9/1948,Serbia,2.25,12
162,Jaime,Bidgood,jbidgood4h@ocn.ne.jp,11/3/1934,Palestinian Territory,3.95,6
163,Judi,Maleck,jmaleck4i@ocn.ne.jp,12/20/1987,China,3.64,4
164,Dulcia,Crosbie,dcrosbie4j@eepurl.com,9/4/1956,Sweden,1.59,4
165,Tobe,Applegate,tapplegate4k@unblog.fr,7/9/1963,Indonesia,1.88,5
166,Konstantin,Pulman,kpulman4l@ft.com,8/27/1976,Sweden,3.74,5
167,Westley,Gaskill,wgaskill4m@apache.org,7/6/1927,Indonesia,3.02,8
168,Decca,Durdan,ddurdan4n@printfriendly.com,9/19/1983,China,2.14,1
169,Nicholle,Bending,nbending4o@pcworld.com,7/31/1949,Morocco,3.18,12
170,Damita,Penas,dpenas4p@usatoday.com,7/29/1989,Ukraine,1.59,7
171,Harman,Harses,hharses4q@i2i.jp,7/29/1981,Russia,3.79,3
172,Lennard,Donisi,ldonisi4r@topsy.com,6/10/1996,Croatia,3.66,1
173,Chev,Bute,cbute4s@csmonitor.com,8/17/1925,Portugal,3.17,1
174,Korney,Tunkin,ktunkin4t@infoseek.co.jp,9/21/1950,Philippines,2.63,4
175,Kristy,Pepall,kpepall4u@deliciousdays.com,8/10/1938,Palestinian Territory,1.65,8
176,Adams,McAree,amcaree4v@mlb.com,12/27/1934,China,1.73,10
177,Roosevelt,Shelton,rshelton4w@youtube.com,5/26/1955,Portugal,1.98,4
178,Lanette,Spight,lspight4x@umn.edu,7/21/1949,Argentina,2.96,1
179,Briney,Sivyour,bsivyour4y@usa.gov,12/24/1988,Mexico,3.52,8
180,Reyna,Zuppa,rzuppa4z@wikipedia.org,2/9/1976,Peru,3.9,11
181,Deny,Jolly,djolly50@about.me,3/18/1972,Zimbabwe,1.63,10
182,Colet,Vittery,cvittery51@hibu.com,6/6/1930,Serbia,3.77,2
183,Lyn,Skoof,lskoof52@cdc.gov,5/29/1969,Russia,3.32,1
184,Ajay,Baroche,abaroche53@goo.gl,7/22/1940,Indonesia,3.26,6
185,Hersch,Brundrett,hbrundrett54@yahoo.co.jp,5/18/1961,Portugal,2.02,6
186,Codie,Higgoe,chiggoe55@ca.gov,5/11/1978,Kazakhstan,2.81,11
187,Elyssa,Knolles-Green,eknollesgreen56@addtoany.com,2/27/1993,France,1.84,5
188,Jeana,Garr,jgarr57@parallels.com,11/3/1987,Tanzania,3.11,6
189,Mendie,Fowley,mfowley58@nbcnews.com,8/3/1939,China,2.86,5
190,Kirstin,Shillingford,kshillingford59@etsy.com,4/2/1938,Mexico,2.57,1
191,Isa,Surgen,isurgen5a@yale.edu,5/17/1985,Brazil,1.79,9
192,Winny,Sugge,wsugge5b@ucsd.edu,10/2/1979,China,1.87,8
193,Kori,Gingel,kgingel5c@woothemes.com,8/24/1924,France,3.24,8
194,Sutton,McMennum,smcmennum5d@shutterfly.com,11/29/1944,Panama,2.46,4
195,Noell,Rappport,nrappport5e@ebay.co.uk,6/2/1921,South Korea,2.41,12
196,Deloris,Cramb,dcramb5f@paginegialle.it,5/3/1926,Indonesia,2.97,8
197,Cleon,Clifforth,cclifforth5g@businesswire.com,10/20/1944,Brazil,2.78,6
198,Shaylynn,Skyrme,sskyrme5h@nba.com,5/20/1996,France,3.49,7
199,Gerald,Dugald,gdugald5i@google.com.au,3/23/1986,China,3.72,9
200,Lilyan,Billin,lbillin5j@flickr.com,6/4/1954,China,3.58,5
201,Saxe,Kubin,skubin5k@skype.com,2/2/1946,Peru,1.93,7
202,Helli,Smalcombe,hsmalcombe5l@artisteer.com,11/22/1933,Indonesia,3.19,5
203,Teena,Old,told5m@narod.ru,11/7/1932,China,3.15,12
204,Leonhard,Ivermee,livermee5n@dion.ne.jp,7/12/1949,Indonesia,1.59,8
205,Jeffy,Echelle,jechelle5o@alexa.com,1/3/1934,Russia,2.06,11
206,Archer,O'Lagen,aolagen5p@ameblo.jp,5/16/1980,China,2.38,6
207,Orlan,Patinkin,opatinkin5q@nyu.edu,7/9/1981,Japan,2.34,3
208,Bond,Mewton,bmewton5r@vistaprint.com,6/17/1965,Sweden,2.88,9
209,Wanids,Kiley,wkiley5s@statcounter.com,10/25/1954,Russia,3.13,10
210,Kristine,Martynov,kmartynov5t@goo.ne.jp,5/31/1962,Czech Republic,1.61,7
211,Chaddie,Pepys,cpepys5u@addthis.com,3/24/1923,Malaysia,3.07,10
212,Franky,Redmond,fredmond5v@latimes.com,1/21/1999,Russia,2.71,5
213,Marguerite,Hillborne,mhillborne5w@time.com,9/18/1935,Slovenia,3.05,6
214,Ingeborg,Wackly,iwackly5x@nasa.gov,3/6/1932,Ukraine,2.52,12
215,Madison,Han,mhan5y@nba.com,8/13/1962,Sudan,3.22,6
216,Ronda,Nanson,rnanson5z@myspace.com,7/21/1935,United States,2.3,10
217,Brinn,Bache,bbache60@ow.ly,6/9/1998,China,2.22,3
218,Ryann,Dymott,rdymott61@delicious.com,11/23/1989,Turkmenistan,2.69,5
219,Renae,Page,rpage62@istockphoto.com,7/31/1985,French Guiana,1.63,6
220,Marget,Defau,mdefau63@about.me,8/15/1932,China,2.93,2
221,Marita,Riditch,mriditch64@chronoengine.com,12/3/1975,China,2.15,5
222,Khalil,Cavilla,kcavilla65@google.es,12/16/1987,China,3.8,11
223,Chicky,McLucas,cmclucas66@seattletimes.com,6/1/1991,Sweden,2.63,8
224,Leonanie,Kiehl,lkiehl67@sogou.com,9/19/1947,China,2.28,6
225,Kiley,Trowbridge,ktrowbridge68@yelp.com,6/19/1921,Israel,3.66,1
226,Anastasie,Goggey,agoggey69@thetimes.co.uk,7/28/1986,Poland,1.56,10
227,Kristofor,Armytage,karmytage6a@g.co,7/20/1923,Afghanistan,3.67,6
228,Dalston,Shatliff,dshatliff6b@twitter.com,6/3/1964,China,1.71,2
229,Nicolis,Garrioch,ngarrioch6c@unesco.org,2/10/1983,Canada,3.07,4
230,Debbi,Renard,drenard6d@sphinn.com,1/17/1986,Madagascar,3.63,9
231,Quintana,Jackson,qjackson6e@booking.com,6/16/1921,Philippines,2.22,7
232,Alexia,Pavlovic,apavlovic6f@icio.us,2/1/1951,Honduras,3.76,4
233,Gwendolyn,De Hoogh,gdehoogh6g@blog.com,2/25/1949,Indonesia,2.62,11
234,Grata,Cossey,gcossey6h@hugedomains.com,4/20/1975,Thailand,1.52,5
235,Gerardo,Cana,gcana6i@tinyurl.com,9/25/1940,Russia,2.45,9
236,Kelvin,Jindrak,kjindrak6j@psu.edu,2/28/1924,Greece,1.52,10
237,Sidoney,Hostan,shostan6k@barnesandnoble.com,6/27/1948,Philippines,2.17,4
238,Derrek,Satchell,dsatchell6l@hp.com,11/20/1972,Indonesia,2.08,9
239,Colas,Limpricht,climpricht6m@umn.edu,6/24/1939,Russia,2.26,5
240,Gav,Antrack,gantrack6n@hao123.com,10/17/1927,China,2.64,12
241,Adolphus,Caney,acaney6o@taobao.com,1/13/1982,Chile,1.62,6
242,Harrison,Sans,hsans6p@skype.com,7/25/1991,Philippines,3.7,6
243,Rory,Broscombe,rbroscombe6q@apple.com,2/25/1949,Poland,2.49,10
244,Johannah,Ormistone,jormistone6r@pagesperso-orange.fr,6/5/1986,Greece,2.29,5
245,Abraham,Brooks,abrooks6s@unicef.org,9/5/1996,Indonesia,3.21,1
246,Guendolen,Job,gjob6t@infoseek.co.jp,12/12/1986,Brazil,3.28,7
247,Laure,Le Estut,lleestut6u@360.cn,1/3/1977,Sweden,2.56,5
248,Reynold,Lucien,rlucien6v@wikia.com,8/18/1933,Sweden,3.63,3
249,Leona,McConnel,lmcconnel6w@arizona.edu,2/4/1944,France,2.0,2
250,Care,Roaf,croaf6x@cocolog-nifty.com,8/8/1941,Indonesia,2.75,2
251,Lexy,Littrick,llittrick6y@yelp.com,12/18/1949,Poland,1.87,7
252,Carlina,Orrill,corrill6z@slideshare.net,9/25/1984,Poland,2.46,2
253,Eugenius,Dayes,edayes70@redcross.org,12/14/1952,China,3.17,4
254,Clarine,Burndred,cburndred71@hp.com,4/18/1997,Nigeria,2.02,10
255,Carilyn,Patesel,cpatesel72@netvibes.com,5/18/1952,Brazil,3.34,3
256,Claudette,Verson,cverson73@usgs.gov,4/26/1992,Portugal,3.56,12
257,Joe,MacLeese,jmacleese74@nationalgeographic.com,10/6/1941,Indonesia,3.22,10
258,Sallie,Flinn,sflinn75@patch.com,12/26/1931,Philippines,1.7,4
259,Ozzy,Brede,obrede76@4shared.com,9/27/1942,Philippines,3.99,4
260,Sergent,Fozard,sfozard77@about.com,3/5/1940,Albania,3.2,7
261,Cale,Yeo,cyeo78@ebay.co.uk,1/28/1923,Poland,3.59,11
262,Shanon,Stears,sstears79@mtv.com,10/12/1926,Netherlands,2.1,4
263,Kalina,Sisey,ksisey7a@storify.com,1/7/1927,Nigeria,2.9,4
264,Aleksandr,Drejer,adrejer7b@timesonline.co.uk,10/20/1939,Colombia,2.47,3
265,Andie,Riseam,ariseam7c@nba.com,2/1/1987,Venezuela,1.65,12
266,Kim,McLaggan,kmclaggan7d@amazon.com,7/18/1945,Uganda,2.58,7
267,Massimo,O'Kane,mokane7e@surveymonkey.com,7/22/1978,Philippines,1.66,5
268,Adams,Rishman,arishman7f@1688.com,2/16/1938,Poland,3.96,7
269,Charline,Outhwaite,couthwaite7g@bbb.org,11/3/1968,Palestinian Territory,1.95,12
270,Misty,Gait,mgait7h@huffingtonpost.com,7/11/1996,Austria,3.65,1
271,Alford,Bonson,abonson7i@theatlantic.com,2/23/1969,Indonesia,1.82,9
272,Brigitte,Doogan,bdoogan7j@xing.com,8/2/1978,Russia,2.72,8
273,Daniela,Davidsohn,ddavidsohn7k@hubpages.com,2/3/1991,China,2.32,11
274,Celestina,Nealon,cnealon7l@soundcloud.com,5/26/1975,Russia,1.72,8
275,Helge,Spurman,hspurman7m@smh.com.au,11/23/1945,Russia,3.84,2
276,Pamela,Strangeway,pstrangeway7n@youtu.be,4/26/1941,Portugal,3.64,7
277,Fletcher,Gummoe,fgummoe7o@loc.gov,4/17/1935,France,3.17,6
278,Mitzi,Davisson,mdavisson7p@aol.com,5/14/1939,Russia,3.21,6
279,Leanora,Aleevy,laleevy7q@indiegogo.com,7/23/1933,Indonesia,3.63,6
280,Sigvard,Shelsher,sshelsher7r@dmoz.org,3/16/1947,Cuba,3.22,12
281,Carmela,Jecock,cjecock7s@time.com,7/9/1984,Peru,2.26,4
282,Freedman,Grayland,fgrayland7t@japanpost.jp,9/10/1996,China,2.63,2
283,Darrin,Flintoff,dflintoff7u@adobe.com,7/1/1956,Russia,2.49,7
284,Tim,Baruch,tbaruch7v@tripod.com,3/21/1969,China,2.89,9
285,Louise,Winskill,lwinskill7w@discovery.com,11/12/1926,Albania,2.51,6
286,Nelie,Klyner,nklyner7x@zdnet.com,9/15/1956,Greece,3.23,11
287,Mercedes,Birckmann,mbirckmann7y@google.nl,4/17/1989,Poland,1.74,11
288,Natka,Tuck,ntuck7z@delicious.com,11/25/1935,Latvia,2.02,6
289,Andonis,Lightoller,alightoller80@t-online.de,1/24/1937,Peru,3.84,6
290,Celestina,Sterrie,csterrie81@forbes.com,1/19/1936,China,3.69,9
291,Carena,Yurenev,cyurenev82@cargocollective.com,3/15/1942,Albania,3.51,3
292,Tam,Geare,tgeare83@pagesperso-orange.fr,11/30/1985,Russia,3.87,11
293,Therese,Derington,tderington84@arstechnica.com,7/28/1937,Australia,3.25,5
294,Alecia,Perrycost,aperrycost85@artisteer.com,12/26/1973,Philippines,3.12,1
295,Oriana,Francesconi,ofrancesconi86@sina.com.cn,5/27/1973,Russia,3.98,6
296,Perkin,Sudron,psudron87@baidu.com,11/15/1975,Venezuela,1.52,5
297,Kara,Bleakman,kbleakman88@weibo.com,4/25/1969,France,2.51,12
298,Pascale,McCurt,pmccurt89@deliciousdays.com,8/10/1923,Philippines,2.55,1
299,Claude,Hartfleet,chartfleet8a@hud.gov,11/11/1982,Italy,1.65,5
300,Oralee,Brumby,obrumby8b@marketwatch.com,5/1/1980,China,3.31,6
301,Lucky,Davis,ldavis8c@disqus.com,4/29/1930,Indonesia,2.86,12
302,Heida,Haddy,hhaddy8d@ft.com,7/2/1942,Guatemala,2.14,5
303,Gretchen,Chatell,gchatell8e@elegantthemes.com,5/5/1952,China,2.77,1
304,Tomkin,Langham,tlangham8f@jalbum.net,5/27/1980,Poland,2.51,4
305,Katya,Thal,kthal8g@goo.gl,6/24/1976,Philippines,3.89,11
306,Kayle,L'Episcopi,klepiscopi8h@naver.com,4/1/1985,Indonesia,3.9,6
307,Jessie,Saile,jsaile8i@tinypic.com,8/29/1947,China,2.11,11
308,Terrell,Medling,tmedling8j@skyrock.com,4/17/1987,Philippines,2.39,5
309,Nico,Broxholme,nbroxholme8k@java.com,3/11/1981,Syria,2.05,1
310,Ellie,Spafford,espafford8l@nps.gov,8/16/1999,China,3.97,7
311,Jessika,Vondrach,jvondrach8m@msn.com,8/4/1999,Czech Republic,1.59,7
312,Georgena,Bednell,gbednell8n@wisc.edu,2/10/1958,Philippines,3.12,9
313,Karrah,Cella,kcella8o@cornell.edu,5/12/1950,Netherlands,2.65,8
314,Tate,Yellep,tyellep8p@princeton.edu,6/27/1956,China,1.63,5
315,Denis,Risebarer,drisebarer8q@hhs.gov,7/21/1991,Thailand,2.27,5
316,Toni,Newland,tnewland8r@wunderground.com,5/26/1965,Nigeria,2.13,9
317,Drusy,Tumber,dtumber8s@zdnet.com,7/6/1935,Thailand,3.96,1
318,Frederik,Exton,fexton8t@shinystat.com,2/27/1988,China,2.06,10
319,Wylie,Peachment,wpeachment8u@nytimes.com,1/7/1960,Tanzania,2.18,11
320,Terrijo,Iwanicki,tiwanicki8v@disqus.com,6/17/1946,Philippines,3.53,2
321,Genevieve,MacKowle,gmackowle8w@latimes.com,9/26/1931,China,2.26,7
322,Donella,Van den Velde,dvandenvelde8x@angelfire.com,3/12/1971,Bosnia and Herzegovina,2.25,8
323,Jeanelle,Field,jfield8y@howstuffworks.com,6/29/1948,Mexico,2.7,3
324,Lethia,Knoles,lknoles8z@cbsnews.com,6/13/1964,Indonesia,3.9,12
325,Briant,Hlavecek,bhlavecek90@multiply.com,1/14/1971,Russia,2.11,12
326,Dal,Benettini,dbenettini91@furl.net,5/3/1965,China,1.75,1
327,Jabez,Blaza,jblaza92@mail.ru,4/14/1941,Poland,3.36,6
328,Dex,Esche,desche93@squarespace.com,9/15/1955,Japan,1.75,3
329,Lark,Insko,linsko94@artisteer.com,9/2/1950,Honduras,2.25,10
330,Lucius,Paddle,lpaddle95@wikia.com,3/28/1975,Russia,2.16,5
331,Sherri,Camilio,scamilio96@purevolume.com,6/27/1931,Russia,2.39,7
332,Chicky,Challin,cchallin97@simplemachines.org,5/7/1975,Indonesia,1.65,10
333,Shamus,Rubinfajn,srubinfajn98@eepurl.com,8/24/1961,Finland,3.7,11
334,Brandy,Tapner,btapner99@upenn.edu,9/4/1954,Poland,3.79,10
335,Dorthea,McQuillin,dmcquillin9a@jiathis.com,6/16/1955,Russia,2.29,8
336,Hedvige,Sargison,hsargison9b@spotify.com,10/8/1988,Portugal,2.14,9
337,Nikki,Aslet,naslet9c@mediafire.com,5/6/1972,China,3.44,11
338,Julie,Gariff,jgariff9d@fastcompany.com,1/17/1935,Bulgaria,3.14,2
339,Letti,Ballance,lballance9e@nsw.gov.au,10/10/1992,China,2.64,3
340,Maren,Gatherer,mgatherer9f@soup.io,4/21/1984,Sierra Leone,1.88,6
341,Bendicty,Sayton,bsayton9g@google.it,1/31/1956,China,2.96,12
342,Kalli,Sowley,ksowley9h@slashdot.org,7/19/1936,Morocco,3.23,6
343,Lizbeth,McCraw,lmccraw9i@google.pl,4/21/1938,China,1.54,2
344,Malchy,Ferrulli,mferrulli9j@google.de,12/12/1989,China,3.44,5
345,Fair,Brosch,fbrosch9k@about.me,2/5/1997,China,1.79,5
346,Felicle,Fairlamb,ffairlamb9l@nhs.uk,12/22/1998,Chad,1.53,9
347,Kris,Sothern,ksothern9m@fc2.com,1/8/1943,Thailand,1.71,4
348,Lewie,Grover,lgrover9n@nps.gov,12/8/1961,Poland,1.95,7
349,Emlyn,Swiers,eswiers9o@huffingtonpost.com,7/23/1952,Philippines,2.39,7
350,Peggie,Carrell,pcarrell9p@cbc.ca,7/20/1926,Sweden,3.5,12
351,Kattie,Saxton,ksaxton9q@sciencedaily.com,1/14/1954,Guinea-Bissau,2.05,8
352,Alameda,Jack,ajack9r@ning.com,11/2/1923,Indonesia,3.27,12
353,Jordanna,O'Loughnan,joloughnan9s@earthlink.net,3/25/1975,Russia,1.67,2
354,Domini,Kivelle,dkivelle9t@xrea.com,9/2/1938,China,2.48,9
355,Mellisent,Hogsden,mhogsden9u@webeden.co.uk,2/15/1991,Russia,3.27,11
356,Murray,Durdan,mdurdan9v@columbia.edu,2/10/1946,Poland,2.5,4
357,Genny,Sockell,gsockell9w@tumblr.com,9/13/1967,Poland,1.59,10
358,Cale,Marriage,cmarriage9x@eventbrite.com,4/4/1982,Colombia,3.23,5
359,Karissa,Parzizek,kparzizek9y@slideshare.net,3/18/1965,Russia,2.28,9
360,Lyndsey,Python,lpython9z@diigo.com,6/12/1983,China,3.58,3
361,Hallsy,Derisley,hderisleya0@domainmarket.com,9/17/1943,Philippines,3.91,3
362,Tatiania,Renac,trenaca1@hao123.com,5/4/1939,Philippines,2.94,1
363,Had,Emanson,hemansona2@bbb.org,11/7/1990,Kenya,3.84,10
364,Kienan,Snowman,ksnowmana3@360.cn,2/5/1927,Poland,2.7,9
365,Jammal,Yetton,jyettona4@zdnet.com,10/2/1930,China,3.66,5
366,Ava,Punt,apunta5@epa.gov,8/17/1956,Sweden,1.84,4
367,Odille,Filippo,ofilippoa6@unicef.org,7/10/1933,Mexico,1.97,1
368,Rickie,Petyakov,rpetyakova7@xing.com,6/2/1948,Indonesia,3.07,4
369,Nicky,Zanicchi,nzanicchia8@shinystat.com,8/27/1960,Indonesia,3.26,8
370,Thain,Doram,tdorama9@va.gov,3/23/1936,Sweden,2.67,12
371,Gasparo,Corbett,gcorbettaa@cmu.edu,7/30/1926,Cuba,3.75,4
372,Bren,Vellender,bvellenderab@storify.com,7/29/1962,Brazil,1.67,2
373,Chelsae,Bohler,cbohlerac@wikispaces.com,3/14/1996,France,1.72,9
374,Wendie,Eadmead,weadmeadad@stanford.edu,8/7/1971,Comoros,1.84,6
375,Janeva,Everil,jeverilae@bloglines.com,5/14/1942,Indonesia,3.83,3
376,Conan,Gregoli,cgregoliaf@alexa.com,5/10/1994,Indonesia,3.29,7
377,Linnie,Melpuss,lmelpussag@redcross.org,3/13/1952,China,3.23,4
378,Cyb,Durbridge,cdurbridgeah@dyndns.org,3/7/1984,Indonesia,1.91,9
379,Corney,Coetzee,ccoetzeeai@spotify.com,10/31/1954,China,2.97,3
380,Ricoriki,Dregan,rdreganaj@de.vu,8/29/1953,Mexico,1.67,8
381,Rand,Risbie,rrisbieak@deliciousdays.com,7/23/1924,Argentina,1.64,5
382,Atlanta,Poulsom,apoulsomal@fotki.com,11/24/1968,Argentina,2.92,2
383,Cherri,McCrea,cmccreaam@weebly.com,4/19/1966,Philippines,2.47,4
384,Jedidiah,Beazer,jbeazeran@biblegateway.com,4/15/1962,China,1.56,4
385,Gothart,Barreau,gbarreauao@shareasale.com,12/13/1949,China,2.35,3
386,Sol,Woollard,swoollardap@utexas.edu,10/9/1924,Cameroon,3.88,3
387,Umberto,Teggart,uteggartaq@reference.com,12/9/1965,China,2.52,6
388,Lorianne,Annett,lannettar@mapy.cz,12/9/1946,Sweden,2.64,4
389,Xerxes,Wildgoose,xwildgooseas@nih.gov,5/15/1989,New Zealand,3.82,2
390,Mallorie,Saunton,msauntonat@nationalgeographic.com,4/22/1928,Poland,2.58,10
391,Aleksandr,Sargerson,asargersonau@gmpg.org,10/4/1930,Democratic Republic of the Congo,1.99,4
392,Delmer,Ianilli,dianilliav@shutterfly.com,10/15/1987,Japan,1.93,1
393,Lindsey,Tingly,ltinglyaw@freewebs.com,4/18/1981,Egypt,3.62,4
394,Concordia,Wipper,cwipperax@businesswire.com,1/4/1977,Germany,2.44,5
395,Tomkin,Hagergham,thagerghamay@bluehost.com,6/29/1992,Philippines,3.92,12
396,Alla,Ranson,aransonaz@cbsnews.com,4/20/1988,Sweden,2.42,10
397,Bertha,Wontner,bwontnerb0@bloomberg.com,3/24/1932,Indonesia,3.25,12
398,Alexandrina,Ellingham,aellinghamb1@naver.com,4/6/1930,Brazil,2.21,2
399,Jackqueline,MacGorrie,jmacgorrieb2@exblog.jp,4/2/1985,Bulgaria,1.86,11
400,Carlynn,Snowsill,csnowsillb3@mayoclinic.com,3/26/1986,Malta,3.71,5
401,Anabelle,Jancik,ajancikb4@redcross.org,6/4/1972,Poland,3.13,12
402,Gideon,Marden,gmardenb5@icq.com,4/5/1934,Japan,3.1,4
403,Lyndsay,Fredi,lfredib6@phpbb.com,3/24/1936,Portugal,3.27,1
404,Dulcy,Treslove,dtresloveb7@walmart.com,6/11/1983,Peru,3.44,3
405,Felix,Sach,fsachb8@ihg.com,2/15/1995,Portugal,3.91,4
406,Brennen,Dronsfield,bdronsfieldb9@ucla.edu,8/8/1948,Brazil,1.95,3
407,Harwell,Minker,hminkerba@creativecommons.org,8/6/1958,Ivory Coast,3.64,10
408,Staford,Corbould,scorbouldbb@shutterfly.com,2/19/1974,Philippines,3.17,8
409,Bertram,Scotchmor,bscotchmorbc@plala.or.jp,5/9/1984,Argentina,1.85,6
410,Fonsie,Connue,fconnuebd@simplemachines.org,12/12/1939,Indonesia,2.66,6
411,Winifield,Grubb,wgrubbbe@clickbank.net,12/16/1957,Russia,2.44,10
412,Christophe,Nibley,cnibleybf@vinaora.com,1/5/1937,Philippines,3.98,11
413,Shannen,Scruton,sscrutonbg@privacy.gov.au,4/21/1928,Russia,1.56,11
414,Amelie,Hainey`,ahaineybh@sbwire.com,7/2/1995,China,2.37,7
415,Kimmie,Pink,kpinkbi@gmpg.org,8/8/1989,Canada,2.48,3
416,Karmen,Mossdale,kmossdalebj@icq.com,3/15/1958,Colombia,1.67,12
417,Marie,McLeman,mmclemanbk@samsung.com,2/13/1956,Mexico,2.19,11
418,Adrianne,Rounsivall,arounsivallbl@newyorker.com,10/26/1956,Libya,3.95,2
419,Norris,Benedicte,nbenedictebm@opensource.org,4/11/1994,Russia,2.4,7
420,Harvey,Benedyktowicz,hbenedyktowiczbn@dyndns.org,1/9/1974,China,2.61,2
421,Angil,Reubens,areubensbo@mapquest.com,10/3/1937,France,2.11,11
422,Vannie,Avrasin,vavrasinbp@github.io,8/8/1931,Czech Republic,2.64,11
423,Minnnie,Portsmouth,mportsmouthbq@netvibes.com,11/10/1997,Philippines,2.88,2
424,Hesther,Wolfers,hwolfersbr@wp.com,4/2/1941,Russia,3.75,12
425,Natal,Jedrys,njedrysbs@over-blog.com,10/6/1963,Philippines,3.05,9
426,Micheil,Goodbourn,mgoodbournbt@hugedomains.com,4/5/1926,Russia,2.98,3
427,Whitman,Heathwood,wheathwoodbu@devhub.com,10/5/1944,Portugal,3.75,5
428,Halsey,Klehn,hklehnbv@state.tx.us,2/15/1926,Vietnam,1.55,9
429,Phoebe,McKinless,pmckinlessbw@amazon.co.uk,2/19/1933,France,1.88,2
430,Quint,Richardin,qrichardinbx@barnesandnoble.com,2/15/1976,Brazil,1.82,11
431,Savina,Papes,spapesby@phpbb.com,11/6/1939,China,1.6,4
432,Collen,Laverack,claverackbz@chicagotribune.com,12/22/1987,Kenya,2.63,9
433,Agnese,Isenor,aisenorc0@amazon.com,2/26/1930,Indonesia,2.83,11
434,Laird,Harm,lharmc1@google.co.jp,6/10/1937,Malawi,3.12,6
435,Bibbie,Ropert,bropertc2@soup.io,8/23/1975,China,2.45,1
436,Lanny,Belitz,lbelitzc3@indiegogo.com,2/26/1994,Venezuela,3.46,3
437,Wyndham,Rouse,wrousec4@odnoklassniki.ru,7/17/1921,New Zealand,3.34,9
438,Fedora,Farndon,ffarndonc5@craigslist.org,8/28/1953,Venezuela,2.95,9
439,Doll,Hubbis,dhubbisc6@soundcloud.com,11/19/1923,India,2.7,2
440,Brod,Gherarducci,bgherarduccic7@mozilla.com,3/29/1949,Nepal,3.38,11
441,Alfy,MacAloren,amacalorenc8@discovery.com,7/14/1922,Nigeria,1.55,12
442,Kevyn,Mitchener,kmitchenerc9@fotki.com,10/21/1930,Brazil,1.58,12
443,Hakeem,Akeherst,hakeherstca@4shared.com,3/3/1990,Philippines,1.63,3
444,Brinna,Paine,bpainecb@mit.edu,11/2/1972,Indonesia,2.97,10
445,Delcina,Conisbee,dconisbeecc@google.de,11/6/1981,China,2.89,11
446,Mela,Remirez,mremirezcd@marketwatch.com,3/24/1963,Indonesia,2.11,8
447,Booth,Waghorn,bwaghornce@blog.com,10/12/1940,China,3.74,12
448,Barr,Dagnall,bdagnallcf@seesaa.net,3/10/1990,Brazil,1.94,4
449,Domini,Boundley,dboundleycg@fema.gov,4/8/1926,Indonesia,3.18,6
450,Jackson,Fintoph,jfintophch@feedburner.com,3/31/1942,Indonesia,1.53,9
451,Renault,Keggin,rkegginci@ucla.edu,9/16/1986,Mauritius,2.73,3
452,Suellen,Ford,sfordcj@google.com.hk,6/29/1921,Sweden,2.55,5
453,Gwennie,Pert,gpertck@cam.ac.uk,6/30/1986,Uganda,1.96,8
454,Gloriana,Jinkins,gjinkinscl@earthlink.net,4/20/1991,Indonesia,1.8,11
455,Flory,Cornelissen,fcornelissencm@devhub.com,2/25/1962,Brazil,3.18,12
456,Norrie,Hriinchenko,nhriinchenkocn@sohu.com,12/21/1962,China,3.68,2
457,Eachelle,Wheldon,ewheldonco@about.com,10/15/1935,China,2.75,8
458,Vittorio,Maybery,vmayberycp@fema.gov,2/14/1993,China,2.27,4
459,Wallie,Adnett,wadnettcq@mozilla.com,6/29/1946,Yemen,3.68,11
460,Willdon,Copello,wcopellocr@wordpress.org,2/12/1926,Russia,1.54,2
461,Ezra,Artharg,earthargcs@hexun.com,9/22/1920,New Zealand,2.82,6
462,Matti,Lawry,mlawryct@addtoany.com,8/26/1966,Poland,3.85,9
463,Leeann,Happel,lhappelcu@marriott.com,6/17/1934,China,2.59,5
464,Petronille,Meffin,pmeffincv@surveymonkey.com,3/17/1963,Japan,2.09,9
465,Antonetta,Debow,adebowcw@ucoz.ru,5/26/1944,China,3.9,3
466,Merill,Kingswoode,mkingswoodecx@google.de,5/19/1922,China,1.95,7
467,Catie,Garn,cgarncy@vinaora.com,12/7/1927,Mexico,3.91,5
468,Kial,Kinchin,kkinchincz@ted.com,8/31/1992,Ukraine,2.03,5
469,Teador,Pietrzyk,tpietrzykd0@rediff.com,7/8/1920,Greece,2.41,10
470,Amandie,Gosker,agoskerd1@weibo.com,5/16/1937,Sweden,2.97,10
471,Hinze,Larderot,hlarderotd2@ebay.co.uk,11/15/1988,Nigeria,3.63,2
472,Issiah,Coltman,icoltmand3@canalblog.com,11/23/1926,Uruguay,1.61,12
473,Delmar,Tanzig,dtanzigd4@bigcartel.com,7/12/1967,Portugal,2.68,5
474,Caril,Easom,ceasomd5@symantec.com,1/5/1920,Hungary,3.87,6
475,Cordie,Raddan,craddand6@samsung.com,7/28/1979,Taiwan,3.25,4
476,Hamil,Edgcumbe,hedgcumbed7@privacy.gov.au,7/2/1939,China,2.65,3
477,Paulie,Gut,pgutd8@dion.ne.jp,7/3/1961,China,2.91,1
478,Chet,Fearns,cfearnsd9@macromedia.com,2/25/1954,Netherlands,3.13,9
479,Jobie,Aukland,jauklandda@vimeo.com,11/29/1936,Portugal,2.81,5
480,Kattie,Bulluck,kbulluckdb@yolasite.com,1/5/1986,Portugal,2.97,6
481,Mariya,O'Kieran,mokierandc@networkadvertising.org,9/30/1925,Albania,2.24,2
482,Albrecht,Keets,akeetsdd@tuttocitta.it,2/11/1972,Canada,3.09,10
483,Freemon,Bridle,fbridlede@gizmodo.com,8/5/1969,Indonesia,1.72,9
484,Kenna,Scholl,kscholldf@house.gov,9/12/1953,China,2.77,11
485,Stefa,Barrowcliff,sbarrowcliffdg@hc360.com,10/24/1999,China,3.26,7
486,Candis,Harbertson,charbertsondh@whitehouse.gov,8/27/1927,Portugal,3.75,10
487,Prudi,Uden,pudendi@yahoo.co.jp,1/16/1981,Philippines,3.92,8
488,Ward,June,wjunedj@tamu.edu,12/15/1962,Croatia,3.34,6
489,Nicolai,Lonnon,nlonnondk@xing.com,11/3/1974,Croatia,1.63,8
490,Silvia,Castle,scastledl@hud.gov,6/26/1985,Brazil,3.54,8
491,Tuesday,Begg,tbeggdm@twitpic.com,8/13/1949,United States,2.83,11
492,Judith,Heinke,jheinkedn@symantec.com,9/6/1999,China,2.56,6
493,Fee,Emptage,femptagedo@about.me,12/31/1923,Brazil,3.35,6
494,Pandora,Kilduff,pkilduffdp@ocn.ne.jp,8/15/1941,Serbia,1.78,5
495,Dyna,McKeeman,dmckeemandq@netscape.com,6/29/1920,Portugal,3.3,9
496,Dar,Salan,dsalandr@yandex.ru,5/3/1939,United Kingdom,1.79,10
497,Marlowe,Audiss,maudissds@symantec.com,11/27/1984,Albania,2.39,6
498,Simone,Heinonen,sheinonendt@wikispaces.com,7/22/1959,Poland,2.87,6
499,Crissy,Donke,cdonkedu@sciencedaily.com,2/15/1955,Philippines,1.74,6
500,Felicle,Leek,fleekdv@xrea.com,1/10/1976,Iran,2.58,6
501,Berton,Huddart,bhuddartdw@google.com,9/17/1960,Belarus,2.01,8
502,Bradney,Mallindine,bmallindinedx@tuttocitta.it,11/26/1965,Portugal,3.16,8
503,Carla,Laidlow,claidlowdy@squidoo.com,3/29/1945,China,3.81,5
504,Coralyn,Revans,crevansdz@networksolutions.com,12/26/1969,Japan,1.95,3
505,Eddie,Berre,eberree0@mtv.com,5/5/1959,Central African Republic,2.29,10
506,Penny,Pennetti,ppennettie1@ed.gov,4/23/1951,Bangladesh,1.99,7
507,Merrilee,Tipton,mtiptone2@opera.com,3/8/1980,Guatemala,2.61,3
508,Cairistiona,Jewson,cjewsone3@fda.gov,1/30/1972,Palestinian Territory,3.88,5
509,Aloysia,O'Flaverty,aoflavertye4@jalbum.net,5/5/1965,Mongolia,2.82,2
510,Alexina,Martinho,amartinhoe5@surveymonkey.com,9/20/1994,Malaysia,2.23,10
511,Allie,Chasney,achasneye6@google.cn,1/28/1940,New Zealand,2.67,9
512,Joyan,Grigore,jgrigoree7@networksolutions.com,4/23/1958,Thailand,2.98,6
513,Cherey,Darrigrand,cdarrigrande8@unc.edu,6/19/1977,Canada,2.91,8
514,Angeline,Tamburo,atamburoe9@ask.com,9/8/1957,China,3.59,2
515,Salvidor,Overall,soverallea@amazon.com,6/15/1928,Brazil,2.71,2
516,Benni,Vasin,bvasineb@smh.com.au,9/23/1993,Cameroon,2.88,2
517,Geraldine,St Angel,gstangelec@oakley.com,8/16/1931,Philippines,3.36,2
518,Adeline,Fischer,afischered@mail.ru,3/26/1936,Ecuador,3.52,2
519,Barclay,Wheble,bwhebleee@tripadvisor.com,3/1/1929,Slovenia,1.94,2
520,Ibby,Chorlton,ichorltonef@cdc.gov,8/31/1977,Japan,2.87,9
521,Archy,Driscoll,adriscolleg@dedecms.com,2/4/1984,Guatemala,2.53,10
522,Pietrek,Volcker,pvolckereh@slideshare.net,1/28/1946,Czech Republic,2.99,2
523,Anatollo,Shorrock,ashorrockei@psu.edu,6/30/1965,Mexico,1.76,10
524,Aigneis,Pedrol,apedrolej@go.com,5/8/1990,Indonesia,2.76,10
525,Morley,Musla,mmuslaek@icq.com,4/2/1959,Philippines,2.24,6
526,Charity,Gauford,cgaufordel@feedburner.com,12/18/1986,Russia,1.73,8
527,Thurston,Gagin,tgaginem@google.es,9/27/1936,Mali,3.01,2
528,Marieann,Culshaw,mculshawen@google.pl,8/18/1939,Canada,1.7,4
529,Kathrine,Glancy,kglancyeo@uol.com.br,12/15/1920,Venezuela,2.7,2
530,Rozele,Samett,rsamettep@furl.net,6/27/1971,Philippines,2.38,5
531,Natty,Winney,nwinneyeq@hao123.com,11/17/1998,China,3.52,8
532,Tabitha,Tatlowe,ttatloweer@cocolog-nifty.com,8/18/1927,Mayotte,3.17,8
533,Dorice,Scryne,dscrynees@ustream.tv,8/16/1977,China,1.5,9
534,Cammi,Blaylock,cblaylocket@marriott.com,1/31/1966,Afghanistan,2.1,4
535,Kellia,Basnett,kbasnetteu@wisc.edu,10/12/1959,Yemen,2.89,4
536,Ruperto,Thomasset,rthomassetev@paginegialle.it,6/7/1998,United States,1.7,8
537,Simone,Hatchett,shatchettew@printfriendly.com,4/24/1948,Chile,1.63,3
538,Caz,Medeway,cmedewayex@ezinearticles.com,2/28/1974,United Kingdom,2.42,4
539,Martino,Weetch,mweetchey@chicagotribune.com,1/8/1977,Iran,3.42,9
540,Edie,Sawkins,esawkinsez@blogger.com,2/2/1933,Indonesia,3.69,7
541,Celesta,Ramplee,crampleef0@telegraph.co.uk,8/11/1972,Indonesia,1.74,1
542,Mandel,Avrashin,mavrashinf1@google.co.uk,10/31/1962,Brazil,1.98,9
543,Rona,Spincks,rspincksf2@mac.com,8/26/1947,Panama,3.65,8
544,Bonnee,Olivetti,bolivettif3@squidoo.com,4/23/1968,Canada,3.71,8
545,Maggee,Andriuzzi,mandriuzzif4@friendfeed.com,12/14/1975,Indonesia,2.73,5
546,Peg,Cobain,pcobainf5@nps.gov,11/21/1986,Indonesia,2.22,5
547,Lester,Heikkinen,lheikkinenf6@cpanel.net,9/30/1996,Indonesia,3.95,1
548,Gualterio,Grace,ggracef7@toplist.cz,5/30/1937,Indonesia,2.07,3
549,Wilburt,Schneidau,wschneidauf8@springer.com,7/25/1959,China,1.6,11
550,Isabelle,Ipsley,iipsleyf9@goodreads.com,5/12/1967,Indonesia,3.03,3
551,Goldy,Burgiss,gburgissfa@yandex.ru,12/25/1973,China,2.86,3
552,Matteo,Tyres,mtyresfb@jugem.jp,6/22/1994,China,3.85,12
553,Lothaire,Rapinett,lrapinettfc@altervista.org,10/2/1921,Central African Republic,2.45,6
554,Danny,Lambregts,dlambregtsfd@bloglines.com,11/1/1945,South Korea,1.54,9
555,Florida,Joutapavicius,fjoutapaviciusfe@wunderground.com,8/20/1937,China,3.45,7
556,Justin,Adamo,jadamoff@shinystat.com,12/20/1942,China,3.89,10
557,Gabriella,Mc Pake,gmcpakefg@webnode.com,6/29/1935,Ireland,1.92,5
558,Lancelot,Kik,lkikfh@virginia.edu,10/19/1940,Honduras,2.19,9
559,Kassia,McMurrugh,kmcmurrughfi@jimdo.com,7/17/1946,Philippines,1.89,12
560,Pennie,Mallebone,pmallebonefj@1und1.de,1/22/1978,China,2.53,4
561,Peterus,Pover,ppoverfk@google.com.br,4/29/1986,Poland,3.7,8
562,Adara,Wiseman,awisemanfl@google.de,2/3/1926,Cyprus,2.09,6
563,Eal,Vagges,evaggesfm@hao123.com,10/28/1923,Dominican Republic,1.9,1
564,Faythe,Haggart,fhaggartfn@privacy.gov.au,7/26/1927,Brazil,3.4,5
565,Mabel,Fusco,mfuscofo@meetup.com,3/28/1988,Sweden,2.31,2
566,Vinny,Vickers,vvickersfp@posterous.com,10/12/1934,Honduras,1.62,3
567,Berry,Braxton,bbraxtonfq@ovh.net,10/3/1960,France,3.41,12
568,Anya,Jozaitis,ajozaitisfr@washingtonpost.com,2/25/1951,Poland,2.13,7
569,Noni,Helian,nhelianfs@jiathis.com,4/6/1927,Ukraine,2.21,4
570,Grover,O'Hederscoll,gohederscollft@usnews.com,11/8/1947,China,1.88,8
571,Heath,MacAlpyne,hmacalpynefu@taobao.com,5/10/1957,Guatemala,3.61,10
572,Pail,Jakubski,pjakubskifv@cisco.com,2/25/1947,China,2.37,10
573,Nikki,McBrier,nmcbrierfw@artisteer.com,4/21/1928,Poland,2.78,9
574,Chev,Fussey,cfusseyfx@wufoo.com,10/9/1944,Indonesia,1.67,10
575,Alvin,Defrain,adefrainfy@issuu.com,9/1/1952,Philippines,2.52,11
576,Dael,Simonutti,dsimonuttifz@examiner.com,1/21/1937,Germany,3.01,11
577,Hanny,Darrington,hdarringtong0@123-reg.co.uk,8/21/1971,China,2.47,12
578,Faulkner,Paten,fpateng1@intel.com,3/25/1927,Indonesia,3.77,8
579,Moria,Boeck,mboeckg2@yellowbook.com,10/16/1939,Indonesia,2.2,4
580,Mallory,Joscelin,mjosceling3@soundcloud.com,12/2/1931,Japan,2.74,12
581,Cacilia,Antonowicz,cantonowiczg4@t.co,6/7/1926,Philippines,1.96,2
582,Panchito,Kunrad,pkunradg5@sogou.com,12/29/1985,Indonesia,3.49,5
583,Heloise,Dunsford,hdunsfordg6@unc.edu,8/30/1964,China,1.66,2
584,Dillon,Farrah,dfarrahg7@msu.edu,1/15/1942,El Salvador,1.66,1
585,Matthew,Beaufoy,mbeaufoyg8@ucsd.edu,5/15/1939,Russia,2.21,10
586,Arlana,Fredson,afredsong9@youtube.com,12/18/1994,Poland,2.16,10
587,Verna,Jurries,vjurriesga@meetup.com,1/13/1951,Russia,2.47,11
588,Consuelo,Dooher,cdoohergb@utexas.edu,9/2/1973,Sri Lanka,2.12,10
589,Ekaterina,Goade,egoadegc@trellian.com,12/25/1966,Portugal,3.04,10
590,Melosa,Dreinan,mdreinangd@acquirethisname.com,4/15/1967,China,1.64,5
591,Vittoria,Bruff,vbruffge@comcast.net,9/4/1978,Russia,3.12,3
592,Ruthie,Mabbe,rmabbegf@drupal.org,5/14/1968,Brazil,2.07,4
593,Kali,Gieraths,kgierathsgg@vk.com,2/27/1986,Armenia,2.59,5
594,Dunstan,Marvelley,dmarvelleygh@zdnet.com,5/29/1955,Mongolia,3.77,2
595,Gavin,Gabb,ggabbgi@gnu.org,11/22/1999,Haiti,3.69,4
596,Fayina,Wagenen,fwagenengj@huffingtonpost.com,2/1/1965,Philippines,1.84,1
597,Penny,Wagge,pwaggegk@imageshack.us,6/29/1961,China,2.02,7
598,Jacki,Paxforde,jpaxfordegl@biglobe.ne.jp,3/23/1976,Portugal,2.73,4
599,Bunny,Yedall,byedallgm@blogs.com,2/14/1930,Indonesia,3.85,3
600,Dionis,Anglim,danglimgn@hibu.com,10/18/1994,Tanzania,3.27,11
601,Caty,Agirre,cagirrego@jalbum.net,12/21/1973,Moldova,3.28,2
602,Mercedes,Yatman,myatmangp@vkontakte.ru,4/17/1975,Russia,3.37,2
603,Brandea,Fosdick,bfosdickgq@china.com.cn,4/8/1959,Panama,3.49,1
604,Griswold,Grewar,ggrewargr@joomla.org,7/7/1983,Latvia,3.67,1
605,Lucius,Pury,lpurygs@dailymotion.com,9/27/1952,Canada,2.42,8
606,Fin,Jakoub,fjakoubgt@chron.com,4/22/1960,Brazil,2.97,12
607,Hermione,Puddefoot,hpuddefootgu@stanford.edu,10/2/1972,Indonesia,2.52,7
608,Gilli,Clampe,gclampegv@mapy.cz,1/9/1973,Argentina,2.15,11
609,Hilary,Valenta,hvalentagw@slate.com,8/13/1950,Brazil,3.3,3
610,Rafe,Rudolph,rrudolphgx@amazon.de,4/24/1996,Philippines,3.65,10
611,Johnath,Landrick,jlandrickgy@hc360.com,9/16/1957,France,2.06,8
612,Cobb,Ballston,cballstongz@lycos.com,4/26/1977,Russia,3.42,9
613,Jenn,Potkins,jpotkinsh0@slashdot.org,1/12/1984,Luxembourg,1.96,4
614,Boigie,Milton-White,bmiltonwhiteh1@canalblog.com,12/13/1954,Bahrain,3.92,5
615,Marquita,Feckey,mfeckeyh2@cbc.ca,10/17/1983,United States,2.72,2
616,Harmony,Chamberlaine,hchamberlaineh3@pagesperso-orange.fr,12/11/1934,Indonesia,1.87,10
617,Wilden,Bohden,wbohdenh4@weather.com,5/3/1921,Brazil,1.91,3
618,Diane,Barcroft,dbarcrofth5@rediff.com,1/25/1983,Indonesia,1.97,3
619,Elisabeth,Songest,esongesth6@trellian.com,11/1/1926,Poland,2.78,8
620,Gertrud,Butting,gbuttingh7@si.edu,1/3/1941,China,2.14,8
621,Esta,Paulack,epaulackh8@photobucket.com,9/9/1930,China,3.62,5
622,Wadsworth,Josselsohn,wjosselsohnh9@icio.us,4/14/1930,Ukraine,2.65,7
623,Lyon,Derricoat,lderricoatha@1688.com,4/13/1927,Brazil,3.36,12
624,Dusty,Mc Combe,dmccombehb@freewebs.com,5/12/1993,Indonesia,3.97,7
625,Teodoor,Faldoe,tfaldoehc@tamu.edu,10/11/1965,Indonesia,3.16,9
626,Sonny,Stait,sstaithd@friendfeed.com,7/21/1982,Venezuela,2.65,4
627,Barnabe,Keel,bkeelhe@sfgate.com,7/12/1979,Dominican Republic,2.68,5
628,Nicholas,Ondra,nondrahf@paypal.com,10/25/1963,China,3.87,12
629,Alwyn,Kunath,akunathhg@cnet.com,2/16/1989,Iran,3.77,7
630,Lorry,Pote,lpotehh@mtv.com,3/13/1939,Russia,3.64,1
631,Gracie,Rime,grimehi@hexun.com,7/4/1924,Italy,3.95,11
632,Powell,Barrass,pbarrasshj@samsung.com,6/13/1973,Equatorial Guinea,2.61,8
633,Myles,Ochterlony,mochterlonyhk@chicagotribune.com,7/12/1939,Mali,2.52,6
634,Murry,Baines,mbaineshl@alibaba.com,7/17/1987,Canada,3.4,8
635,Sapphire,Burwin,sburwinhm@phpbb.com,8/5/1983,France,3.57,8
636,Bette-ann,Sotworth,bsotworthhn@oracle.com,9/15/1925,Denmark,2.71,9
637,Jacinthe,Jocelyn,jjocelynho@jugem.jp,2/18/1996,Russia,2.95,9
638,Greg,Hindshaw,ghindshawhp@wufoo.com,8/20/1947,Croatia,2.12,11
639,Lara,Waplinton,lwaplintonhq@google.fr,8/15/1965,Palestinian Territory,2.84,12
640,Astrid,Tanswell,atanswellhr@bloglines.com,1/30/1920,Philippines,3.54,5
641,Ric,Jojic,rjojichs@statcounter.com,10/29/1926,Uganda,3.29,10
642,Clevey,Yerrell,cyerrellht@trellian.com,7/25/1949,Brazil,2.21,3
643,Giana,Mackiewicz,gmackiewiczhu@scientificamerican.com,2/6/1942,China,2.83,11
644,Colleen,Eschalette,ceschalettehv@theguardian.com,1/1/1983,Indonesia,2.76,8
645,Caresa,Birth,cbirthhw@goodreads.com,5/25/1921,China,3.61,5
646,Obediah,Twamley,otwamleyhx@epa.gov,8/14/1949,China,2.2,12
647,Eadie,Vinsen,evinsenhy@list-manage.com,10/25/1922,Belarus,2.14,12
648,Coraline,Eathorne,ceathornehz@amazonaws.com,7/9/1951,Russia,2.55,5
649,Clair,Skingley,cskingleyi0@elpais.com,9/15/1964,Brazil,2.34,3
650,Bernete,Law,blawi1@wisc.edu,2/23/1991,Portugal,2.22,5
651,Kym,MacCall,kmaccalli2@oaic.gov.au,2/2/1966,Sweden,3.33,1
652,Bonni,Arrundale,barrundalei3@cbslocal.com,5/29/1948,France,3.53,4
653,Dannel,Coen,dcoeni4@t.co,5/17/1982,China,1.66,3
654,Leigha,Paggitt,lpaggitti5@economist.com,6/20/1943,Finland,2.79,2
655,Nickolaus,Axleby,naxlebyi6@army.mil,10/6/1970,Iran,3.7,1
656,Roselin,Revely,rrevelyi7@latimes.com,9/30/1934,Argentina,3.5,8
657,Mariska,Steere,msteerei8@timesonline.co.uk,11/21/1992,Argentina,3.86,9
658,Deloris,Antoshin,dantoshini9@squidoo.com,7/11/1970,Niger,1.74,10
659,Clari,Loughlan,cloughlania@addtoany.com,5/30/1971,Netherlands,2.32,12
660,Una,Elderbrant,uelderbrantib@youtu.be,8/21/1966,Portugal,2.42,12
661,Ora,Dungate,odungateic@liveinternet.ru,3/5/1989,Macedonia,2.77,12
662,Kimball,McRinn,kmcrinnid@is.gd,6/11/1998,Japan,3.2,5
663,Federico,Hawlgarth,fhawlgarthie@pbs.org,12/20/1975,Kyrgyzstan,3.12,6
664,Kane,Jennens,kjennensif@miibeian.gov.cn,2/15/1953,China,2.13,8
665,Maddi,Kenrat,mkenratig@xinhuanet.com,9/17/1949,Thailand,1.9,4
666,Jard,Tonry,jtonryih@harvard.edu,7/28/1975,Sweden,2.1,6
667,Zenia,Allnatt,zallnattii@mapquest.com,2/23/1938,Russia,2.85,7
668,Junie,Childes,jchildesij@google.it,7/13/1943,Portugal,3.5,5
669,Clyve,Duddy,cduddyik@twitpic.com,5/13/1921,China,3.07,10
670,Martina,Jurzyk,mjurzykil@sourceforge.net,3/14/1987,Sweden,1.88,7
671,Yasmin,Banyard,ybanyardim@1688.com,4/21/1953,Ukraine,2.55,6
672,Alejandro,Bossom,abossomin@vkontakte.ru,12/31/1940,Indonesia,2.96,3
673,Tracey,Gauld,tgauldio@hugedomains.com,10/25/1954,Canada,2.46,11
674,Marne,Vaskov,mvaskovip@slate.com,2/15/1991,Indonesia,1.7,5
675,Adeline,Shorto,ashortoiq@skyrock.com,9/8/1984,Indonesia,3.8,4
676,Mommy,Dunnico,mdunnicoir@domainmarket.com,5/17/1920,Albania,3.19,10
677,Camellia,Sloley,csloleyis@arizona.edu,6/8/1933,China,2.69,7
678,Mercie,Salmen,msalmenit@qq.com,10/3/1990,Swaziland,3.53,10
679,Anna,Forre,aforreiu@artisteer.com,3/25/1931,Ukraine,1.81,10
680,Gwen,Coast,gcoastiv@123-reg.co.uk,4/14/1995,Indonesia,3.52,12
681,Clemente,Barfitt,cbarfittiw@photobucket.com,5/12/1964,Indonesia,2.06,6
682,Bernarr,Holliar,bholliarix@oakley.com,6/24/1967,Greece,3.5,4
683,Renell,Andrasch,randraschiy@economist.com,9/13/1940,Philippines,2.03,6
684,Earlie,Statefield,estatefieldiz@reference.com,10/29/1931,Mozambique,2.24,8
685,Rori,Loftus,rloftusj0@indiatimes.com,2/5/1940,Tunisia,1.89,11
686,Godiva,Egdell,gegdellj1@harvard.edu,4/21/1930,Russia,3.53,7
687,Tawsha,De Francesco,tdefrancescoj2@economist.com,9/14/1990,Trinidad and Tobago,2.9,2
688,Yoshi,Grigoriscu,ygrigoriscuj3@printfriendly.com,7/5/1929,Indonesia,1.62,7
689,Germaine,Bernadot,gbernadotj4@icio.us,3/13/1927,Mexico,3.23,7
690,Susanetta,Daviot,sdaviotj5@illinois.edu,10/31/1945,Peru,1.66,4
691,Yelena,Hawe,yhawej6@is.gd,7/21/1960,Sweden,2.12,6
692,Lambert,Bridger,lbridgerj7@linkedin.com,11/8/1999,China,2.86,4
693,See,Geffcock,sgeffcockj8@tamu.edu,8/20/1955,Russia,3.69,1
694,Addy,Easeman,aeasemanj9@bizjournals.com,7/11/1965,Thailand,1.65,5
695,Noelyn,Parnby,nparnbyja@imgur.com,5/29/1920,Zimbabwe,2.68,9
696,Glendon,Pallent,gpallentjb@xrea.com,3/22/1921,Germany,1.85,5
697,Broderick,Niles,bnilesjc@stanford.edu,2/6/1985,Russia,3.52,11
698,Noemi,Marle,nmarlejd@networksolutions.com,10/23/1951,China,3.1,12
699,Sheila,Liebrecht,sliebrechtje@ihg.com,11/27/1921,Vietnam,3.13,9
700,Rennie,Chesnut,rchesnutjf@go.com,10/9/1931,United States,3.63,3
701,Jared,Matiasek,jmatiasekjg@si.edu,2/21/1986,Vietnam,2.12,5
702,Louisa,Weins,lweinsjh@miibeian.gov.cn,7/16/1987,Russia,2.06,12
703,Glyn,Hebblewaite,ghebblewaiteji@geocities.com,2/16/1958,China,3.19,1
704,Cesya,MacFaul,cmacfauljj@mozilla.com,3/18/1920,Germany,2.97,9
705,Lita,Haydon,lhaydonjk@digg.com,11/10/1948,Lebanon,3.8,8
706,Lynnett,Folkes,lfolkesjl@ifeng.com,10/20/1978,Greece,2.49,7
707,Renado,Crocker,rcrockerjm@bigcartel.com,11/5/1962,Bolivia,3.71,1
708,Margaux,Strangeway,mstrangewayjn@guardian.co.uk,12/7/1941,Peru,3.77,7
709,Ingram,Shiel,ishieljo@disqus.com,8/25/1970,Portugal,3.57,5
710,Edin,Chasney,echasneyjp@zimbio.com,8/19/1954,Indonesia,3.26,3
711,Delmar,Kilfeder,dkilfederjq@youtube.com,6/6/1966,Brazil,3.88,5
712,Elinore,Giorio,egioriojr@opensource.org,2/5/1990,Iran,2.26,6
713,Bee,Bodycote,bbodycotejs@yahoo.com,3/1/1934,Poland,1.87,3
714,Yanaton,Burdfield,yburdfieldjt@hibu.com,6/26/1998,Poland,2.01,3
715,Allyson,Rizzardini,arizzardiniju@aol.com,4/11/1989,Venezuela,3.78,1
716,Edi,Crosswaite,ecrosswaitejv@furl.net,9/15/1991,China,1.59,6
717,Eli,McGriffin,emcgriffinjw@wikia.com,5/14/1942,Poland,3.51,12
718,Mamie,Ginman,mginmanjx@alexa.com,2/3/1934,Colombia,3.35,12
719,Billie,Munday,bmundayjy@yelp.com,5/18/1923,Thailand,3.98,5
720,Opalina,Mart,omartjz@ehow.com,2/26/1957,Russia,1.68,3
721,Kitti,Udey,kudeyk0@barnesandnoble.com,12/29/1930,Sweden,2.96,8
722,Hyacinthie,Ollie,holliek1@example.com,8/14/1999,China,3.35,8
723,Gerrilee,Dishmon,gdishmonk2@princeton.edu,11/14/1921,China,1.7,10
724,Percival,Batch,pbatchk3@omniture.com,9/17/1932,China,3.49,9
725,Tammie,Khomich,tkhomichk4@house.gov,2/3/1935,Japan,3.77,1
726,Jacklin,O' Timony,jotimonyk5@sohu.com,10/26/1961,Latvia,2.98,4
727,Jecho,Sedgman,jsedgmank6@posterous.com,6/25/1956,Nicaragua,1.56,10
728,Lory,Gouldeby,lgouldebyk7@admin.ch,12/8/1923,Brazil,2.83,3
729,Sibyl,Wetherburn,swetherburnk8@technorati.com,12/10/1970,United States,3.07,6
730,Adamo,Cocks,acocksk9@blogs.com,7/5/1971,China,2.78,3
731,Chrystel,McDarmid,cmcdarmidka@guardian.co.uk,10/31/1952,Russia,2.85,6
732,Jory,Pordal,jpordalkb@twitter.com,10/11/1936,China,2.7,12
733,Linn,Sharple,lsharplekc@amazonaws.com,3/22/1952,Norway,2.69,8
734,Alyssa,Floyed,afloyedkd@freewebs.com,6/28/1979,Ukraine,3.95,9
735,Chandler,McIlvaney,cmcilvaneyke@jalbum.net,9/4/1996,Philippines,1.91,8
736,Gayleen,Jozwicki,gjozwickikf@cloudflare.com,11/28/1984,Palestinian Territory,2.23,6
737,Celene,Joysey,cjoyseykg@delicious.com,8/2/1933,Poland,2.7,12
738,Farly,Filipczynski,ffilipczynskikh@yellowpages.com,2/5/1980,New Zealand,3.54,4
739,Audry,Gypps,agyppski@storify.com,11/27/1997,Canada,3.89,2
740,Robbyn,Wreford,rwrefordkj@shareasale.com,4/7/1962,Reunion,3.74,4
741,Erika,Podd,epoddkk@amazon.co.uk,11/26/1972,Poland,1.52,5
742,Heidi,Jean,hjeankl@wunderground.com,7/16/1954,Solomon Islands,1.67,6
743,Sam,Vonasek,svonasekkm@bigcartel.com,3/11/1988,China,2.5,3
744,Dietrich,Marjanski,dmarjanskikn@symantec.com,6/15/1943,Sweden,2.68,5
745,Kassia,Tregenza,ktregenzako@rediff.com,9/22/1960,China,3.83,8
746,Dode,Damiral,ddamiralkp@google.ca,7/4/1940,Portugal,1.8,4
747,Ealasaid,Lockhurst,elockhurstkq@slate.com,9/5/1994,Thailand,3.93,12
748,Desmund,Gotecliffe,dgotecliffekr@ycombinator.com,7/5/1997,Indonesia,2.43,9
749,Daffy,Quick,dquickks@printfriendly.com,9/16/1961,China,2.88,7
750,Rafaelita,Eriksson,rerikssonkt@tinyurl.com,1/12/1956,Indonesia,1.96,8
751,Godfry,Calverley,gcalverleyku@shinystat.com,11/26/1989,Indonesia,1.9,10
752,Fanny,Crouch,fcrouchkv@webs.com,3/7/1962,Brazil,1.66,10
753,Roderic,Charke,rcharkekw@qq.com,8/12/1981,Spain,3.74,5
754,Ynes,Cheers,ycheerskx@histats.com,3/1/1946,Ukraine,1.89,7
755,Ethelbert,Dockwra,edockwraky@github.io,6/14/1937,Netherlands,3.2,6
756,Bo,Vokins,bvokinskz@pcworld.com,4/28/1972,Mexico,3.54,2
757,Tom,Lodge,tlodgel0@hao123.com,4/4/1970,Nepal,2.08,1
758,Charmaine,Pinock,cpinockl1@statcounter.com,7/18/1957,Russia,3.52,4
759,Lucie,Poynser,lpoynserl2@fastcompany.com,5/4/1990,Bahrain,3.85,8
760,Helsa,Lyons,hlyonsl3@posterous.com,5/13/1973,Thailand,1.59,8
761,Karon,Claye,kclayel4@miitbeian.gov.cn,9/25/1953,Indonesia,3.71,11
762,Lisle,Hazel,lhazell5@npr.org,8/4/1979,Zimbabwe,3.96,1
763,Rosmunda,Pashler,rpashlerl6@usatoday.com,3/24/1965,Angola,1.57,3
764,Orv,Rarity,orarityl7@yelp.com,6/16/1964,Greece,2.15,8
765,Sterne,Coulthart,scoulthartl8@yelp.com,4/22/1922,Mexico,3.77,4
766,Rosy,Neilan,rneilanl9@epa.gov,9/3/1994,Indonesia,2.08,3
767,Filmore,Mell,fmellla@linkedin.com,11/22/1966,China,3.66,2
768,Normie,Blowfelde,nblowfeldelb@weather.com,9/24/1942,France,3.81,2
769,Dorthea,Fetter,dfetterlc@webmd.com,5/8/1952,Peru,2.97,7
770,Billie,Morrison,bmorrisonld@springer.com,9/9/1939,Portugal,3.01,10
771,Dannie,Ternault,dternaultle@google.com,5/18/1930,China,2.84,5
772,Trixi,Toderbrugge,ttoderbruggelf@webs.com,9/10/1930,Russia,1.9,4
773,Bernie,Jeffes,bjeffeslg@etsy.com,10/11/1957,Indonesia,2.22,7
774,Karlan,Scanlan,kscanlanlh@xing.com,11/1/1998,Pakistan,1.61,9
775,Pebrook,Johnson,pjohnsonli@privacy.gov.au,2/26/1976,Mexico,2.92,6
776,Myranda,Gommowe,mgommowelj@gizmodo.com,10/21/1949,Czech Republic,2.7,7
777,Christal,Goymer,cgoymerlk@indiatimes.com,10/9/1973,Peru,3.01,10
778,Rosana,Quesne,rquesnell@storify.com,3/17/1935,China,3.53,9
779,Hetty,Halvorsen,hhalvorsenlm@jigsy.com,1/23/1949,Philippines,3.01,1
780,Lucinda,Scoone,lscooneln@ebay.com,1/27/1970,China,2.6,3
781,Caddric,Alkins,calkinslo@spotify.com,10/18/1928,Indonesia,2.79,11
782,Rolph,Wyldish,rwyldishlp@globo.com,6/19/1945,Ukraine,2.18,3
783,Estell,Fincken,efinckenlq@free.fr,11/8/1970,Poland,3.71,8
784,Garret,Kenyam,gkenyamlr@lycos.com,4/2/1952,Philippines,2.88,7
785,Mendie,McWhan,mmcwhanls@businessinsider.com,1/26/1985,Pakistan,1.88,8
786,Rorie,Scotchmoor,rscotchmoorlt@hexun.com,6/21/1921,Czech Republic,2.59,6
787,Eula,Danher,edanherlu@php.net,9/18/1995,Bulgaria,2.09,12
788,Priscilla,Ibbitson,pibbitsonlv@blogs.com,10/6/1992,France,2.46,1
789,Harriett,Schaben,hschabenlw@webeden.co.uk,3/10/1975,Brazil,2.89,6
790,Randene,Whitley,rwhitleylx@wp.com,7/5/1958,Nigeria,2.74,2
791,Normie,Simoes,nsimoesly@last.fm,2/1/1952,Peru,3.56,2
792,Neville,Roffe,nroffelz@blogspot.com,12/9/1929,Gambia,3.07,2
793,Dermot,Trosdall,dtrosdallm0@twitter.com,3/1/1939,Estonia,1.53,4
794,Zaneta,McTurk,zmcturkm1@discuz.net,10/5/1930,Croatia,3.34,1
795,Davis,Cron,dcronm2@imdb.com,9/3/1995,Vietnam,2.2,2
796,Rey,Willison,rwillisonm3@prlog.org,10/15/1979,China,3.37,1
797,Timmy,Mahmood,tmahmoodm4@gravatar.com,11/22/1949,Russia,3.67,7
798,Katha,Terne,kternem5@salon.com,1/7/1984,China,3.49,4
799,Cale,Erwin,cerwinm6@uol.com.br,9/13/1927,Russia,3.13,2
800,Gabriellia,Wickling,gwicklingm7@youtube.com,6/8/1931,Poland,3.13,12
801,Reg,Perl,rperlm8@google.fr,4/3/1999,Thailand,3.97,3
802,Doralia,Nickels,dnickelsm9@accuweather.com,8/2/1969,Pakistan,2.95,11
803,Saxon,Mixer,smixerma@qq.com,4/27/1946,Costa Rica,3.32,2
804,Elisa,Swigger,eswiggermb@ox.ac.uk,6/24/1984,Brazil,3.96,7
805,Adams,Skelding,askeldingmc@nps.gov,2/11/1969,Bangladesh,1.8,2
806,Tailor,Silverwood,tsilverwoodmd@bloglovin.com,8/11/1936,Indonesia,3.37,4
807,Stevy,Walworth,swalworthme@myspace.com,7/7/1995,United States,2.75,3
808,Torrence,Schimonek,tschimonekmf@loc.gov,5/29/1978,Czech Republic,2.16,9
809,Bruno,Purtell,bpurtellmg@arstechnica.com,1/8/1969,China,2.41,3
810,Fidela,McWhin,fmcwhinmh@barnesandnoble.com,6/4/1957,Bahamas,2.12,3
811,Tanya,Greest,tgreestmi@1688.com,11/29/1956,Uganda,3.25,6
812,Donni,Mairs,dmairsmj@about.me,5/22/1947,China,1.67,11
813,Nicola,Edelheit,nedelheitmk@foxnews.com,6/2/1953,Sweden,1.88,1
814,Esme,Jossel,ejosselml@t.co,9/21/1929,Thailand,3.3,9
815,Franciskus,Speechley,fspeechleymm@guardian.co.uk,8/28/1976,Brazil,3.98,11
816,Celestia,Riddeough,criddeoughmn@cbc.ca,7/27/1924,Brazil,2.82,12
817,Zorana,Matthieson,zmatthiesonmo@51.la,7/26/1966,China,1.82,8
818,Donielle,Wegman,dwegmanmp@usda.gov,1/21/1969,Indonesia,3.17,3
819,Colan,McCanny,cmccannymq@ucoz.ru,6/8/1941,China,2.28,5
820,Caryn,Brack,cbrackmr@nasa.gov,11/22/1970,China,1.99,1
821,Mahmud,Sorrie,msorriems@ifeng.com,4/19/1973,Yemen,3.5,8
822,Chantalle,Wozencraft,cwozencraftmt@php.net,5/7/1966,Indonesia,1.99,8
823,Noelyn,Cantu,ncantumu@omniture.com,1/12/1925,El Salvador,3.42,1
824,Shepperd,Greger,sgregermv@yale.edu,10/27/1946,Indonesia,1.85,7
825,Rudolph,Ainsbury,rainsburymw@dion.ne.jp,5/6/1958,Indonesia,1.75,10
826,Phelia,Ilyuchyov,pilyuchyovmx@slideshare.net,6/3/1930,Russia,1.73,8
827,Elvera,Chazotte,echazottemy@oakley.com,11/22/1994,Egypt,2.59,3
828,Ignatius,Boeter,iboetermz@examiner.com,4/1/1985,China,2.23,2
829,Earvin,Aguirrezabal,eaguirrezabaln0@yahoo.co.jp,2/17/1931,Brazil,2.79,8
830,Shelley,Grigoliis,sgrigoliisn1@blogspot.com,3/5/1965,Czech Republic,1.96,3
831,Janetta,Hurcombe,jhurcomben2@cnbc.com,3/31/1991,Greece,2.22,9
832,Ephrayim,Verden,everdenn3@about.com,7/15/1923,Jamaica,3.02,10
833,Vito,Boshere,vbosheren4@sourceforge.net,10/3/1978,China,1.67,6
834,Joel,Jankovic,jjankovicn5@csmonitor.com,8/6/1986,Palestinian Territory,2.6,12
835,Bret,Simpole,bsimpolen6@dot.gov,8/8/1974,Brazil,2.42,12
836,Paulie,Filippucci,pfilippuccin7@yellowbook.com,10/2/1977,Portugal,3.1,1
837,Lutero,Duchateau,lduchateaun8@w3.org,9/14/1970,New Zealand,3.82,10
838,Rodie,MacCosty,rmaccostyn9@apache.org,1/24/1928,Peru,1.56,3
839,Dom,Swinn,dswinnna@columbia.edu,1/24/1994,China,1.75,3
840,Clementina,Twiddell,ctwiddellnb@geocities.jp,3/18/1948,Colombia,3.26,6
841,Leupold,Farens,lfarensnc@huffingtonpost.com,6/17/1954,Mexico,2.82,10
842,Lemar,Elcoat,lelcoatnd@last.fm,4/10/1923,China,2.05,11
843,Francine,Howsam,fhowsamne@theglobeandmail.com,8/9/1936,China,3.96,1
844,Barrie,McGebenay,bmcgebenaynf@un.org,6/26/1978,France,3.59,1
845,Mirna,Worwood,mworwoodng@columbia.edu,3/8/1981,Maldives,3.9,9
846,Tonie,Malthouse,tmalthousenh@webs.com,6/30/1939,China,2.4,9
847,Janina,Keppe,jkeppeni@4shared.com,3/7/1959,Mongolia,1.62,9
848,Ardisj,Talboy,atalboynj@google.it,5/2/1988,Monaco,3.68,11
849,Anjela,Camous,acamousnk@msu.edu,5/25/1975,Thailand,3.83,6
850,Leon,O'Dare,lodarenl@hao123.com,4/18/1990,Nigeria,3.68,5
851,Lorri,Littrell,llittrellnm@ucoz.com,10/29/1969,Kosovo,2.63,9
852,Babbie,Ledward,bledwardnn@bizjournals.com,8/7/1953,Rwanda,3.23,11
853,Lydie,Matteo,lmatteono@example.com,5/22/1922,Russia,3.97,12
854,Noach,Bentzen,nbentzennp@alexa.com,12/25/1988,Russia,1.7,3
855,Merrill,Syrett,msyrettnq@wordpress.com,8/13/1971,Afghanistan,2.94,11
856,Vinnie,Rosenstiel,vrosenstielnr@unicef.org,7/3/1934,Russia,2.28,4
857,Elizabeth,Hakonsson,ehakonssonns@dyndns.org,5/26/1995,Russia,3.66,2
858,Patsy,Capnerhurst,pcapnerhurstnt@posterous.com,8/29/1934,China,2.76,10
859,Emlynne,Flipsen,eflipsennu@blogger.com,7/9/1951,Panama,3.26,12
860,Kennan,Hurrion,khurrionnv@fc2.com,11/1/1956,Palestinian Territory,3.99,4
861,Lutero,Keeffe,lkeeffenw@marketwatch.com,9/28/1936,Bhutan,2.9,2
862,Gussie,Witherington,gwitheringtonnx@weebly.com,8/3/1942,United States,3.09,3
863,Wynne,Fleury,wfleuryny@flickr.com,1/8/1992,Russia,2.64,11
864,Marijo,Bullene,mbullenenz@delicious.com,10/25/1999,Russia,2.78,3
865,Jamima,Kopisch,jkopischo0@storify.com,9/24/1966,Philippines,2.71,3
866,Nanny,Sorton,nsortono1@dropbox.com,4/25/1985,Peru,3.72,8
867,Vergil,Duffitt,vduffitto2@zdnet.com,6/28/1951,Canada,2.4,8
868,Carma,Ciobutaru,cciobutaruo3@unicef.org,4/27/1934,Ukraine,2.44,2
869,Edyth,Pithcock,epithcocko4@businessinsider.com,3/26/1969,Indonesia,3.13,3
870,Carleton,Geeve,cgeeveo5@naver.com,6/21/1928,Colombia,2.56,9
871,Etan,Lobb,elobbo6@google.co.jp,2/9/1948,Poland,2.15,10
872,Morissa,di Rocca,mdiroccao7@sitemeter.com,6/19/1982,Cameroon,3.05,5
873,Elroy,Trubshawe,etrubshaweo8@princeton.edu,12/12/1980,Indonesia,2.4,5
874,Claudell,Maker,cmakero9@deliciousdays.com,9/20/1927,Guinea,3.86,3
875,Dario,Bucktrout,dbucktroutoa@time.com,9/12/1979,Sweden,1.65,9
876,Antonia,Rodnight,arodnightob@youtu.be,5/1/1946,Indonesia,1.6,7
877,Bail,Penelli,bpenellioc@google.pl,1/20/1985,China,2.02,6
878,Cos,Syrie,csyrieod@cmu.edu,12/23/1966,Kazakhstan,2.83,10
879,Jaquenetta,Farmloe,jfarmloeoe@scribd.com,8/20/1936,Indonesia,3.45,3
880,Shurlocke,Huntress,shuntressof@1und1.de,6/11/1954,Poland,1.75,3
881,Cherlyn,Thunderchief,cthunderchiefog@unicef.org,3/30/1983,China,3.35,2
882,Rosana,Lurner,rlurneroh@java.com,11/2/1926,Costa Rica,3.62,12
883,Jehu,Pyne,jpyneoi@dailymail.co.uk,3/12/1991,Greece,2.22,10
884,Seana,Reilingen,sreilingenoj@de.vu,9/26/1967,Poland,3.65,6
885,Jocelyne,Hirsthouse,jhirsthouseok@example.com,5/9/1942,Nigeria,2.22,4
886,Opalina,Phillott,ophillottol@amazon.com,11/2/1929,Indonesia,3.77,3
887,Mallory,Chansonne,mchansonneom@sakura.ne.jp,11/13/1965,France,3.82,3
888,Giusto,Cock,gcockon@theatlantic.com,5/5/1942,Argentina,2.78,8
889,Rupert,Weare,rweareoo@a8.net,2/9/1928,China,3.39,8
890,Jon,Dani,jdaniop@etsy.com,12/13/1983,China,2.46,1
891,Thoma,Broadbury,tbroadburyoq@wsj.com,8/12/1948,China,3.22,5
892,Nanny,Mottershead,nmottersheador@de.vu,2/2/1976,United States,1.91,10
893,Cele,Collinge,ccollingeos@edublogs.org,5/3/1923,Russia,1.6,7
894,Kenton,Young,kyoungot@wikimedia.org,5/4/1954,Philippines,1.5,10
895,Dallas,Walasik,dwalasikou@godaddy.com,8/25/1939,China,2.1,12
896,Sid,Fogt,sfogtov@springer.com,12/21/1996,United States,3.15,3
897,Janine,Dochon,jdochonow@thetimes.co.uk,7/13/1944,China,2.89,5
898,Broderic,Alban,balbanox@typepad.com,1/4/1925,Vietnam,1.65,7
899,Judd,Whitman,jwhitmanoy@scientificamerican.com,6/29/1925,Indonesia,3.44,6
900,Dinny,Annandale,dannandaleoz@etsy.com,2/4/1951,Peru,1.65,9
901,Marnia,Passe,mpassep0@gizmodo.com,9/28/1921,Indonesia,2.92,1
902,Jesse,Bantock,jbantockp1@salon.com,6/5/1975,South Sudan,3.47,7
903,Odell,Ianniello,oianniellop2@google.com.au,6/4/1974,France,2.01,10
904,Pennie,Schubert,pschubertp3@slate.com,7/31/1998,Philippines,2.74,7
905,Rufe,Stentiford,rstentifordp4@mapy.cz,6/8/1989,Uganda,3.9,12
906,Evelyn,Killock,ekillockp5@themeforest.net,4/26/1997,China,2.49,6
907,Lilyan,Dubs,ldubsp6@reference.com,2/20/1996,Belarus,3.12,11
908,Margo,Pomfret,mpomfretp7@toplist.cz,8/3/1987,Japan,1.61,5
909,Tabatha,McCaffery,tmccafferyp8@github.io,7/12/1983,Philippines,1.62,1
910,Sukey,Geockle,sgeocklep9@hexun.com,11/12/1946,Nigeria,3.28,6
911,Alisun,Grayshon,agrayshonpa@uiuc.edu,10/18/1938,Indonesia,1.78,11
912,Tedman,Trousdale,ttrousdalepb@addthis.com,12/14/1960,Belarus,3.22,4
913,Lurline,Trotton,ltrottonpc@opensource.org,8/22/1940,Tanzania,2.34,11
914,Hobard,O'Bradain,hobradainpd@weather.com,12/1/1990,Philippines,3.47,9
915,Anders,Matysik,amatysikpe@scientificamerican.com,11/13/1943,Ukraine,3.0,9
916,Marice,Cohn,mcohnpf@amazon.de,5/12/1990,Indonesia,3.79,5
917,Guillema,Siggery,gsiggerypg@elegantthemes.com,1/30/1951,China,3.23,6
918,Ollie,Hallowell,ohallowellph@ow.ly,11/14/1945,Portugal,2.62,7
919,Claybourne,Krale,ckralepi@tiny.cc,4/19/1961,Japan,2.77,8
920,Geoff,Balint,gbalintpj@symantec.com,3/14/1935,Honduras,2.03,12
921,Doll,Carcas,dcarcaspk@baidu.com,1/7/1945,China,3.81,7
922,Marjie,Cackett,mcackettpl@mac.com,10/21/1989,Indonesia,1.64,6
923,Johna,Polin,jpolinpm@marriott.com,4/25/1971,Denmark,2.16,7
924,Codi,Klesel,ckleselpn@hibu.com,12/9/1956,France,2.13,5
925,Rosette,Yarnall,ryarnallpo@issuu.com,8/17/1988,Japan,2.24,10
926,Payton,Postan,ppostanpp@msn.com,8/9/1986,China,3.05,7
927,Duky,Cleaton,dcleatonpq@hc360.com,6/21/1947,Kyrgyzstan,3.32,6
928,Albina,Kadd,akaddpr@uiuc.edu,5/29/1987,United States,3.0,7
929,Codi,Geffinger,cgeffingerps@psu.edu,4/7/1984,Indonesia,2.63,3
930,Ingra,Speariett,ispeariettpt@usnews.com,9/10/1926,China,1.52,11
931,Dulcea,Hilling,dhillingpu@myspace.com,8/4/1998,Croatia,3.47,6
932,Minerva,Povlsen,mpovlsenpv@desdev.cn,1/1/1930,Tanzania,3.0,5
933,Edie,Twinbourne,etwinbournepw@godaddy.com,4/8/1998,Indonesia,3.82,11
934,Sara-ann,Derobert,sderobertpx@1688.com,7/17/1996,Indonesia,3.47,11
935,Carolina,Darlasson,cdarlassonpy@bandcamp.com,11/28/1965,Philippines,2.9,5
936,Sile,Oliveira,soliveirapz@upenn.edu,12/1/1968,Afghanistan,3.99,10
937,Leanor,Giacomello,lgiacomelloq0@usatoday.com,2/25/1990,China,2.54,9
938,Verla,Dennerley,vdennerleyq1@addtoany.com,12/6/1955,Philippines,2.31,12
939,Archie,Renwick,arenwickq2@ucla.edu,3/22/1980,Czech Republic,2.46,3
940,Bronnie,Miller,bmillerq3@twitter.com,4/1/1983,Philippines,2.95,1
941,Milka,Jobb,mjobbq4@vistaprint.com,5/23/1956,Indonesia,3.62,11
942,Ericka,Diano,edianoq5@geocities.jp,2/10/1998,Botswana,3.11,12
943,Cesar,Zanitti,czanittiq6@cisco.com,6/3/1981,Philippines,2.27,4
944,Corty,Schuricke,cschurickeq7@mozilla.org,12/5/1988,Botswana,3.27,11
945,Tate,Le Leu,tleleuq8@mtv.com,2/12/1988,Greece,3.29,11
946,Towney,Fitzsymon,tfitzsymonq9@marriott.com,11/10/1959,Indonesia,3.77,12
947,Marten,Farrer,mfarrerqa@angelfire.com,2/1/1932,Portugal,3.13,5
948,Barry,Macellar,bmacellarqb@nationalgeographic.com,9/17/1955,Czech Republic,2.45,4
949,Pail,Pippin,ppippinqc@techcrunch.com,4/4/1958,Iraq,2.52,11
950,Tori,Merton,tmertonqd@dion.ne.jp,10/2/1953,China,1.82,5
951,Adriaens,Chadbourne,achadbourneqe@nba.com,6/19/1990,China,2.09,12
952,Carena,Bloomer,cbloomerqf@odnoklassniki.ru,12/21/1986,Peru,1.75,1
953,Kaye,Duligal,kduligalqg@bloomberg.com,2/28/1954,Sweden,2.71,7
954,Thorin,Gerling,tgerlingqh@virginia.edu,6/23/1957,Kosovo,1.72,8
955,Pamelina,Lackinton,plackintonqi@zimbio.com,3/3/1975,China,2.29,6
956,Hershel,Heathcoat,hheathcoatqj@msu.edu,9/26/1961,Bangladesh,2.0,4
957,Alfie,Camin,acaminqk@hexun.com,8/8/1995,Indonesia,2.75,12
958,Natalie,Bennell,nbennellql@wunderground.com,8/12/1938,China,3.39,10
959,Pauly,Saltsberg,psaltsbergqm@ucoz.com,3/25/1963,Cuba,3.36,11
960,Aurilia,Habishaw,ahabishawqn@arstechnica.com,12/30/1987,Indonesia,3.24,4
961,Adey,Goatman,agoatmanqo@squidoo.com,10/18/1929,Bosnia and Herzegovina,3.98,12
962,Broderic,Jellico,bjellicoqp@privacy.gov.au,5/22/1962,Colombia,3.49,10
963,Jorry,Callis,jcallisqq@prweb.com,12/6/1930,Indonesia,2.41,6
964,Petrina,Livingston,plivingstonqr@joomla.org,8/20/1984,China,3.36,3
965,Jozef,Measom,jmeasomqs@imageshack.us,11/3/1984,Indonesia,3.6,6
966,Chaddie,Madgewick,cmadgewickqt@spotify.com,6/21/1931,Czech Republic,2.98,9
967,Melly,Izakovitz,mizakovitzqu@t-online.de,9/7/1982,Thailand,2.71,9
968,Patty,Whisson,pwhissonqv@discovery.com,1/26/1957,China,1.7,3
969,Conrade,Hurich,churichqw@themeforest.net,7/13/1936,Argentina,3.98,9
970,Meris,Featherstonhaugh,mfeatherstonhaughqx@i2i.jp,12/22/1999,Honduras,2.48,10
971,Ronica,Shrubshall,rshrubshallqy@reverbnation.com,9/21/1995,Indonesia,1.6,3
972,Deerdre,Vanelli,dvanelliqz@intel.com,6/20/1989,Ukraine,3.85,2
973,Barri,Hyde-Chambers,bhydechambersr0@baidu.com,2/7/1998,China,3.78,12
974,Felipe,Lodden,floddenr1@theglobeandmail.com,1/7/1982,United Kingdom,3.07,9
975,Andria,Matches,amatchesr2@boston.com,2/1/1961,South Sudan,2.69,8
976,Jens,Duddin,jduddinr3@oaic.gov.au,6/4/1946,China,2.36,1
977,Cosette,Gorick,cgorickr4@aol.com,9/12/1985,Indonesia,2.34,8
978,Pauly,Osburn,posburnr5@sitemeter.com,7/5/1979,Russia,2.89,9
979,Joey,Blasing,jblasingr6@chron.com,10/11/1946,Sweden,1.9,2
980,Alayne,Harpham,aharphamr7@dagondesign.com,1/2/1976,China,3.11,10
981,Rey,Crook,rcrookr8@list-manage.com,4/20/1967,Russia,3.8,2
982,Ardine,Cockayme,acockaymer9@msu.edu,4/3/1932,China,3.65,8
983,Uta,Ogelsby,uogelsbyra@bigcartel.com,5/19/1967,Serbia,1.57,2
984,Cristionna,Chomicz,cchomiczrb@marriott.com,10/15/1924,China,3.24,3
985,Pavla,Daggett,pdaggettrc@shareasale.com,1/15/1922,China,3.4,2
986,Jonathan,Arp,jarprd@nih.gov,2/27/1957,Czech Republic,3.04,4
987,Quinlan,Gyrgorwicx,qgyrgorwicxre@pinterest.com,7/6/1976,Venezuela,3.83,1
988,Bibbye,Paulo,bpaulorf@last.fm,7/20/1930,Palestinian Territory,2.37,7
989,Alvina,Taveriner,ataverinerrg@mashable.com,8/8/1988,France,3.76,11
990,Natalina,Bichard,nbichardrh@opensource.org,10/30/1963,Slovenia,3.82,11
991,Lazare,Stannering,lstanneringri@chicagotribune.com,12/5/1947,China,2.07,11
992,Gaultiero,Jerrom,gjerromrj@fc2.com,4/5/1994,Russia,2.74,3
993,Danila,Preedy,dpreedyrk@amazon.com,8/11/1973,Finland,3.7,7
994,Carter,Pundy,cpundyrl@answers.com,1/19/1987,Kenya,3.79,9
995,Zita,Pauer,zpauerrm@timesonline.co.uk,5/13/1945,China,3.24,8
996,Lauren,Flay,lflayrn@pinterest.com,12/4/1946,Thailand,3.41,10
997,Sylas,Perrone,sperronero@twitter.com,5/26/1943,Japan,2.35,5
998,Cull,De Maria,cdemariarp@uol.com.br,6/7/1986,Ukraine,2.49,7
999,Golda,Snibson,gsnibsonrq@jiathis.com,6/28/1957,Colombia,2.83,3
1000,Juditha,Fursey,jfurseyrr@xinhuanet.com,2/23/1995,Argentina,2.35,11
